date,code,name,market,close,volume
2026-09-24,1101,台泥,TWSE,25.25,39328798.0
2026-09-24,1102,亞泥,TWSE,35.7,7449257.0
2026-09-24,1103,嘉泥,TWSE,13.05,176272.0
2026-09-24,1104,環泥,TWSE,26.65,251430.0
2026-09-24,1108,幸福,TWSE,11.05,205540.0
2026-09-24,1109,信大,TWSE,13.3,87372.0
2026-09-24,1110,東泥,TWSE,14.75,785532.0
2026-09-24,1201,味全,TWSE,11.6,1127705.0
2026-09-24,1203,味王,TWSE,43.3,10039.0
2026-09-24,1210,大成,TWSE,51.9,576370.0
2026-09-24,1213,大飲,TWSE,7.11,3017.0
2026-09-24,1215,卜蜂,TWSE,105.5,1243333.0
2026-09-24,1216,統一,TWSE,74.5,4863384.0
2026-09-24,1217,愛之味,TWSE,9.95,526934.0
2026-09-24,1218,泰山,TWSE,14.4,300906.0
2026-09-24,1219,福壽,TWSE,11.45,204187.0
2026-09-24,1220,台榮,TWSE,10.75,37454.0
2026-09-24,1225,福懋油,TWSE,24.45,10595.0
2026-09-24,1227,佳格,TWSE,28.15,556585.0
2026-09-24,1229,聯華,TWSE,40.1,1314141.0
2026-09-24,1231,聯華食,TWSE,79.6,118009.0
2026-09-24,1232,大統益,TWSE,154.5,46996.0
2026-09-24,1233,天仁,TWSE,28.1,17043.0
2026-09-24,1234,黑松,TWSE,33.05,54772.0
2026-09-24,1235,興泰,TWSE,35.5,189960.0
2026-09-24,1236,宏亞,TWSE,25.4,49853.0
2026-09-24,1240,茂生農經,TPEx,55.2,19703.0
2026-09-24,1256,鮮活果汁-KY,TWSE,166.5,55393.0
2026-09-24,1259,安心,TPEx,68.0,40965.0
2026-09-24,1264,德麥,TPEx,244.5,16377.0
2026-09-24,1268,漢來美食,TPEx,174.5,16759.0
2026-09-24,1294,漢田生技,TPEx,50.3,8986.0
2026-09-24,1295,生合,TPEx,47.1,108932.0
2026-09-24,1301,台塑,TWSE,64.1,16415790.0
2026-09-24,1303,南亞,TWSE,238.0,67158368.0
2026-09-24,1304,台聚,TWSE,12.5,2215118.0
2026-09-24,1305,華夏,TWSE,12.1,702649.0
2026-09-24,1307,三芳,TWSE,30.7,208728.0
2026-09-24,1308,亞聚,TWSE,14.3,1063872.0
2026-09-24,1309,台達化,TWSE,13.8,859601.0
2026-09-24,1310,台苯,TWSE,8.9,2181415.0
2026-09-24,1312,國喬,TWSE,14.6,7756553.0
2026-09-24,1313,聯成,TWSE,12.15,1402278.0
2026-09-24,1314,中石化,TWSE,8.86,42262966.0
2026-09-24,1315,達新,TWSE,68.3,18564.0
2026-09-24,1316,上曜,TWSE,10.45,1273099.0
2026-09-24,1319,東陽,TWSE,78.9,638673.0
2026-09-24,1321,大洋,TWSE,32.45,56000.0
2026-09-24,1323,永裕,TWSE,21.4,16062.0
2026-09-24,1324,地球,TWSE,10.05,29688.0
2026-09-24,1325,恆大,TWSE,25.7,182787.0
2026-09-24,1326,台化,TWSE,67.0,18734584.0
2026-09-24,1336,台翰,TPEx,17.1,82023.0
2026-09-24,1337,再生-KY,TWSE,4.45,259505.0
2026-09-24,1338,廣華-KY,TWSE,14.75,145345.0
2026-09-24,1339,昭輝,TWSE,42.4,38644.0
2026-09-24,1340,勝悅-KY,TWSE,5.21,65876.0
2026-09-24,1341,富林-KY,TWSE,60.0,1061.0
2026-09-24,1342,八貫,TWSE,101.0,56993.0
2026-09-24,1402,遠東新,TWSE,28.15,5471043.0
2026-09-24,1409,新纖,TWSE,24.3,4672108.0
2026-09-24,1410,南染,TWSE,24.0,441547.0
2026-09-24,1413,宏洲,TWSE,9.19,6216.0
2026-09-24,1414,東和,TWSE,17.45,141227.0
2026-09-24,1416,廣豐,TWSE,11.45,114653.0
2026-09-24,1417,嘉裕,TWSE,8.1,392002.0
2026-09-24,1418,東華,TWSE,18.3,39326.0
2026-09-24,1419,新紡,TWSE,66.0,22200.0
2026-09-24,1423,利華,TWSE,34.55,16383.0
2026-09-24,1432,大魯閣,TWSE,15.05,51004.0
2026-09-24,1434,福懋,TWSE,17.95,1287285.0
2026-09-24,1435,中福,TWSE,22.25,7361.0
2026-09-24,1436,華友聯,TWSE,36.15,76557.0
2026-09-24,1437,勤益控,TWSE,32.5,115052.0
2026-09-24,1438,三地開發,TWSE,21.5,46200.0
2026-09-24,1439,雋揚,TWSE,28.15,3000.0
2026-09-24,1440,南紡,TWSE,13.5,5143466.0
2026-09-24,1442,名軒,TWSE,27.7,389288.0
2026-09-24,1443,立益物流,TWSE,23.05,14112.0
2026-09-24,1444,力麗,TWSE,6.86,751776.0
2026-09-24,1445,大宇,TWSE,10.05,7106.0
2026-09-24,1446,宏和,TWSE,13.6,38658.0
2026-09-24,1447,力鵬,TWSE,6.39,717743.0
2026-09-24,1449,佳和,TWSE,12.45,285781.0
2026-09-24,1451,年興,TWSE,17.1,69603.0
2026-09-24,1452,宏益,TWSE,10.8,29418.0
2026-09-24,1453,大將,TWSE,10.9,33732.0
2026-09-24,1454,台富,TWSE,12.3,16473.0
2026-09-24,1455,集盛,TWSE,9.68,207283.0
2026-09-24,1456,怡華,TWSE,14.7,259796.0
2026-09-24,1457,宜進,TWSE,14.35,45123.0
2026-09-24,1459,聯發,TWSE,15.95,17332.0
2026-09-24,1460,宏遠,TWSE,6.25,267832.0
2026-09-24,1463,強盛新,TWSE,17.75,92045.0
2026-09-24,1464,得力,TWSE,9.97,137078.0
2026-09-24,1465,偉全,TWSE,11.6,19251.0
2026-09-24,1466,聚隆,TWSE,14.75,67430.0
2026-09-24,1467,南緯,TWSE,8.05,24833.0
2026-09-24,1468,昶和,TWSE,13.2,54000.0
2026-09-24,1470,大統新創,TWSE,23.7,1000.0
2026-09-24,1471,首利,TWSE,9.4,113249.0
2026-09-24,1472,三洋實業,TWSE,88.0,16063.0
2026-09-24,1473,台南,TWSE,19.5,137652.0
2026-09-24,1474,弘裕,TWSE,10.0,66749.0
2026-09-24,1475,業旺,TWSE,26.35,4570.0
2026-09-24,1476,儒鴻,TWSE,276.5,1332740.0
2026-09-24,1477,聚陽,TWSE,191.0,781995.0
2026-09-24,1503,士電,TWSE,196.0,625987.0
2026-09-24,1504,東元,TWSE,68.5,4146251.0
2026-09-24,1506,正道,TWSE,9.64,312228.0
2026-09-24,1512,瑞利,TWSE,6.18,50439.0
2026-09-24,1513,中興電,TWSE,166.0,1271637.0
2026-09-24,1514,亞力,TWSE,102.0,1861115.0
2026-09-24,1515,力山,TWSE,29.45,406535.0
2026-09-24,1516,川飛,TWSE,13.15,23757.0
2026-09-24,1517,利奇,TWSE,10.3,69144.0
2026-09-24,1519,華城,TWSE,699.0,678128.0
2026-09-24,1521,大億,TWSE,25.8,36307.0
2026-09-24,1522,堤維西,TWSE,26.65,296101.0
2026-09-24,1524,耿鼎,TWSE,26.0,162765.0
2026-09-24,1525,江申,TWSE,64.4,14044.0
2026-09-24,1526,日馳,TWSE,14.7,25365.0
2026-09-24,1527,鑽全,TWSE,32.65,89339.0
2026-09-24,1528,恩德,TWSE,25.45,7813369.0
2026-09-24,1529,樂事綠能,TWSE,15.45,512347.0
2026-09-24,1530,亞崴,TWSE,26.7,7183.0
2026-09-24,1531,高林股,TWSE,11.65,776324.0
2026-09-24,1532,勤美,TWSE,22.3,328911.0
2026-09-24,1533,車王電,TWSE,30.3,25565.0
2026-09-24,1535,中宇,TWSE,45.6,33345.0
2026-09-24,1536,和大,TWSE,47.0,996126.0
2026-09-24,1537,廣隆,TWSE,115.0,82180.0
2026-09-24,1539,巨庭,TWSE,15.5,22000.0
2026-09-24,1540,喬福,TWSE,19.5,61371.0
2026-09-24,1558,伸興,TWSE,112.0,42146.0
2026-09-24,1560,中砂,TWSE,971.0,2172367.0
2026-09-24,1563,巧新,TWSE,75.2,457123.0
2026-09-24,1565,精華,TPEx,95.5,99851.0
2026-09-24,1568,倉佑,TWSE,30.9,176644.0
2026-09-24,1569,濱川,TPEx,64.7,7552738.0
2026-09-24,1570,力肯,TPEx,32.85,28038.0
2026-09-24,1580,新麥,TPEx,97.0,24167.0
2026-09-24,1582,信錦,TWSE,70.0,257013.0
2026-09-24,1583,程泰,TWSE,46.95,5504.0
2026-09-24,1584,精剛,TPEx,18.0,231211.0
2026-09-24,1586,和勤,TPEx,18.0,86004.0
2026-09-24,1587,吉茂,TWSE,23.5,32672.0
2026-09-24,1590,亞德客-KY,TWSE,1210.0,1242221.0
2026-09-24,1591,駿吉-KY,TPEx,40.4,173608.0
2026-09-24,1593,祺驊,TPEx,31.8,25490.0
2026-09-24,1595,川寶,TPEx,77.4,1650908.0
2026-09-24,1597,直得,TWSE,133.5,467381.0
2026-09-24,1598,岱宇,TWSE,20.35,170591.0
2026-09-24,1599,宏佳騰,TPEx,23.05,5487.0
2026-09-24,1603,華電,TWSE,30.25,93143.0
2026-09-24,1604,聲寶,TWSE,23.45,84562.0
2026-09-24,1605,華新,TWSE,36.65,6282328.0
2026-09-24,1608,華榮,TWSE,35.5,1084797.0
2026-09-24,1609,大亞,TWSE,37.85,1730773.0
2026-09-24,1611,中電,TWSE,11.4,344799.0
2026-09-24,1612,宏泰,TWSE,35.05,358528.0
2026-09-24,1614,三洋電,TWSE,31.15,34564.0
2026-09-24,1615,大山,TWSE,42.7,67530.0
2026-09-24,1616,億泰,TWSE,18.3,165506.0
2026-09-24,1617,榮星,TWSE,19.95,705831.0
2026-09-24,1618,合機,TWSE,38.65,238013.0
2026-09-24,1623,大東電,TWSE,197.5,55119.0
2026-09-24,1626,艾美特-KY,TWSE,9.67,36065.0
2026-09-24,1702,南僑,TWSE,33.0,81244.0
2026-09-24,1707,葡萄王,TWSE,87.0,132935.0
2026-09-24,1708,東鹼,TWSE,52.3,7343032.0
2026-09-24,1709,和益,TWSE,43.5,48879995.0
2026-09-24,1710,東聯,TWSE,16.4,3365755.0
2026-09-24,1711,永光,TWSE,38.6,1949606.0
2026-09-24,1712,興農,TWSE,39.85,335237.0
2026-09-24,1713,國化,TWSE,41.5,62930.0
2026-09-24,1714,和桐,TWSE,15.75,4047440.0
2026-09-24,1717,長興,TWSE,71.4,4319467.0
2026-09-24,1718,中纖,TWSE,10.5,5447791.0
2026-09-24,1720,生達,TWSE,56.2,56600.0
2026-09-24,1721,國慶科技,TWSE,24.2,864008.0
2026-09-24,1722,台肥,TWSE,41.3,5078445.0
2026-09-24,1723,中碳,TWSE,80.5,217702.0
2026-09-24,1725,元禎,TWSE,33.9,40528.0
2026-09-24,1726,永記,TWSE,76.3,89465.0
2026-09-24,1727,中華化,TWSE,115.5,47932996.0
2026-09-24,1730,花仙子,TWSE,51.2,25846.0
2026-09-24,1731,美吾華,TWSE,20.9,55387.0
2026-09-24,1732,毛寶,TWSE,26.1,14268.0
2026-09-24,1733,五鼎,TWSE,30.3,39270.0
2026-09-24,1734,杏輝,TWSE,32.1,168535.0
2026-09-24,1735,日勝化,TWSE,20.3,19721.0
2026-09-24,1736,喬山,TWSE,127.5,287781.0
2026-09-24,1737,臺鹽,TWSE,30.05,86952.0
2026-09-24,1742,台蠟,TPEx,17.5,55002.0
2026-09-24,1752,南光,TWSE,31.35,30214.0
2026-09-24,1760,寶齡富錦,TWSE,53.7,54952.0
2026-09-24,1762,中化生,TWSE,33.7,17231.0
2026-09-24,1773,勝一,TWSE,164.5,385456.0
2026-09-24,1776,展宇,TWSE,18.1,6001.0
2026-09-24,1777,生泰,TPEx,74.3,12115.0
2026-09-24,1780,立弘,TPEx,24.7,99703.0
2026-09-24,1781,合世,TPEx,10.05,9012.0
2026-09-24,1783,和康生,TWSE,36.7,20146.0
2026-09-24,1784,訊聯,TPEx,61.3,64361.0
2026-09-24,1785,光洋科,TPEx,95.8,2647661.0
2026-09-24,1786,科妍,TWSE,42.65,87618.0
2026-09-24,1788,杏昌,TPEx,128.0,12171.0
2026-09-24,1789,神隆,TWSE,18.6,295668.0
2026-09-24,1795,美時,TWSE,175.5,420878.0
2026-09-24,1796,金穎生技,TPEx,29.5,4005.0
2026-09-24,1799,易威,TPEx,28.9,54875.0
2026-09-24,1802,台玻,TWSE,58.4,8054096.0
2026-09-24,1805,寶徠,TWSE,10.1,67778.0
2026-09-24,1806,冠軍,TWSE,7.98,65334.0
2026-09-24,1808,潤隆,TWSE,31.9,1505021.0
2026-09-24,1809,中釉,TWSE,45.35,7084102.0
2026-09-24,1810,和成,TWSE,23.95,835697.0
2026-09-24,1813,寶利徠,TPEx,11.3,6408.0
2026-09-24,1815,富喬,TPEx,116.0,28870327.0
2026-09-24,1817,凱撒衛,TWSE,40.15,18513.0
2026-09-24,1903,士紙,TWSE,47.1,39414.0
2026-09-24,1904,正隆,TWSE,24.9,1260898.0
2026-09-24,1905,華紙,TWSE,13.1,966312.0
2026-09-24,1906,寶隆,TWSE,10.7,30244.0
2026-09-24,1907,永豐餘,TWSE,28.25,898147.0
2026-09-24,1909,榮成,TWSE,10.1,1046393.0
2026-09-24,2002,中鋼,TWSE,18.65,20491440.0
2026-09-24,2006,東和鋼鐵,TWSE,87.8,1650426.0
2026-09-24,2007,燁興,TWSE,6.89,147204.0
2026-09-24,2008,高興昌,TWSE,30.5,12658.0
2026-09-24,2009,第一銅,TWSE,39.15,874995.0
2026-09-24,2010,春源,TWSE,22.35,1464117.0
2026-09-24,2012,春雨,TWSE,14.2,29915.0
2026-09-24,2013,中鋼構,TWSE,41.1,61624.0
2026-09-24,2014,中鴻,TWSE,16.9,3896414.0
2026-09-24,2015,豐興,TWSE,64.5,41321.0
2026-09-24,2017,官田鋼,TWSE,8.99,340921.0
2026-09-24,2020,美亞,TWSE,22.1,739085.0
2026-09-24,2022,聚亨,TWSE,7.16,202948.0
2026-09-24,2023,燁輝,TWSE,13.65,765267.0
2026-09-24,2024,志聯,TWSE,12.9,8661.0
2026-09-24,2025,千興,TWSE,13.1,1899021.0
2026-09-24,2027,大成鋼,TWSE,47.6,10270252.0
2026-09-24,2028,威致,TWSE,16.4,214794.0
2026-09-24,2029,盛餘,TWSE,21.55,302641.0
2026-09-24,2030,彰源,TWSE,30.4,17985774.0
2026-09-24,2031,新光鋼,TWSE,46.1,819549.0
2026-09-24,2032,新鋼,TWSE,18.55,3573551.0
2026-09-24,2033,佳大,TWSE,36.8,3052504.0
2026-09-24,2034,允強,TWSE,22.8,8643926.0
2026-09-24,2035,唐榮,TPEx,26.5,1008.0
2026-09-24,2038,海光,TWSE,12.55,609228.0
2026-09-24,2049,上銀,TWSE,325.5,1357804.0
2026-09-24,2059,川湖,TWSE,12350.0,417513.0
2026-09-24,2061,風青,TPEx,54.0,1661724.0
2026-09-24,2062,橋椿,TWSE,18.1,62247.0
2026-09-24,2063,世鎧,TPEx,23.6,24047.0
2026-09-24,2065,世豐,TPEx,35.2,51564.0
2026-09-24,2066,世德,TPEx,52.9,15000.0
2026-09-24,2067,嘉鋼,TPEx,5.22,35000.0
2026-09-24,2069,運錩,TWSE,25.7,1991600.0
2026-09-24,2070,精湛,TPEx,61.0,27367.0
2026-09-24,2072,世紀風電,TWSE,127.0,229616.0
2026-09-24,2101,南港,TWSE,29.85,989879.0
2026-09-24,2102,泰豐,TWSE,16.35,888765.0
2026-09-24,2103,台橡,TWSE,27.8,1545422.0
2026-09-24,2104,國際中橡,TWSE,11.15,9828558.0
2026-09-24,2105,正新,TWSE,30.1,2112273.0
2026-09-24,2106,建大,TWSE,16.65,425210.0
2026-09-24,2107,厚生,TWSE,26.95,180208.0
2026-09-24,2108,南帝,TWSE,28.7,194171.0
2026-09-24,2109,華豐,TWSE,15.0,392021.0
2026-09-24,2114,鑫永銓,TWSE,89.9,3250.0
2026-09-24,2115,六暉-KY,TWSE,23.7,16000.0
2026-09-24,2201,裕隆,TWSE,29.25,1659665.0
2026-09-24,2204,中華,TWSE,52.5,218504.0
2026-09-24,2206,三陽工業,TWSE,62.9,220086.0
2026-09-24,2207,和泰車,TWSE,510.0,270934.0
2026-09-24,2208,台船,TWSE,19.4,1566691.0
2026-09-24,2211,長榮鋼,TWSE,79.6,968162.0
2026-09-24,2221,大甲,TPEx,164.0,1651712.0
2026-09-24,2227,裕日車,TWSE,45.0,19698.0
2026-09-24,2228,劍麟,TWSE,75.0,39277.0
2026-09-24,2230,泰茂,TPEx,22.45,145196.0
2026-09-24,2231,為升,TWSE,90.3,95310.0
2026-09-24,2233,宇隆,TWSE,164.0,317462.0
2026-09-24,2235,謚源,TPEx,28.3,1000.0
2026-09-24,2236,百達-KY,TWSE,107.5,470851.0
2026-09-24,2237,華德動能-創,TWSE,26.9,62182.0
2026-09-24,2239,英利-KY,TWSE,18.95,21001.0
2026-09-24,2241,艾姆勒,TWSE,43.6,4744337.0
2026-09-24,2243,宏旭-KY,TWSE,50.2,182750.0
2026-09-24,2247,汎德永業,TWSE,229.0,48504.0
2026-09-24,2248,華勝-KY,TWSE,61.0,38424.0
2026-09-24,2250,IKKA-KY,TWSE,57.6,13298.0
2026-09-24,2254,巨鎧精密-創,TWSE,88.8,2388502.0
2026-09-24,2258,鴻華先進-創,TWSE,30.5,180155.0
2026-09-24,2301,光寶科,TWSE,287.0,9401877.0
2026-09-24,2302,麗正,TWSE,46.05,9238419.0
2026-09-24,2303,聯電,TWSE,154.0,157009029.0
2026-09-24,2305,全友,TWSE,62.9,4243609.0
2026-09-24,2308,台達電,TWSE,1910.0,8983854.0
2026-09-24,2312,金寶,TWSE,30.65,3523917.0
2026-09-24,2313,華通,TWSE,222.5,7002467.0
2026-09-24,2314,台揚,TWSE,10.95,87445.0
2026-09-24,2316,楠梓電,TWSE,160.5,602793.0
2026-09-24,2317,鴻海,TWSE,250.5,34510344.0
2026-09-24,2323,中環,TWSE,10.8,3157028.0
2026-09-24,2324,仁寶,TWSE,36.5,18026289.0
2026-09-24,2327,國巨*,TWSE,580.0,35926454.0
2026-09-24,2328,廣宇,TWSE,47.0,797393.0
2026-09-24,2329,華泰,TWSE,44.4,2017252.0
2026-09-24,2330,台積電,TWSE,2475.0,14557662.0
2026-09-24,2331,精英,TWSE,18.85,549135.0
2026-09-24,2332,友訊,TWSE,20.1,7152630.0
2026-09-24,2337,旺宏,TWSE,117.0,18598874.0
2026-09-24,2338,光罩,TWSE,47.1,4013030.0
2026-09-24,2340,台亞,TWSE,34.55,3550658.0
2026-09-24,2342,茂矽,TWSE,48.2,43473432.0
2026-09-24,2344,華邦電,TWSE,171.5,51225813.0
2026-09-24,2345,智邦,TWSE,1895.0,2611500.0
2026-09-24,2347,聯強,TWSE,94.5,2371286.0
2026-09-24,2348,海悅,TWSE,72.0,237401.0
2026-09-24,2349,錸德,TWSE,10.35,941000.0
2026-09-24,2351,順德,TWSE,219.5,5399123.0
2026-09-24,2352,佳世達,TWSE,29.0,2247808.0
2026-09-24,2353,宏碁,TWSE,31.75,8866691.0
2026-09-24,2354,鴻準,TWSE,65.9,6193563.0
2026-09-24,2355,敬鵬,TWSE,41.7,1176852.0
2026-09-24,2356,英業達,TWSE,59.9,10394874.0
2026-09-24,2357,華碩,TWSE,953.0,1296816.0
2026-09-24,2359,所羅門,TWSE,127.5,878250.0
2026-09-24,2360,致茂,TWSE,2295.0,1992029.0
2026-09-24,2362,藍天,TWSE,47.6,236155.0
2026-09-24,2363,矽統,TWSE,58.7,7602462.0
2026-09-24,2364,倫飛,TWSE,65.7,87979.0
2026-09-24,2365,昆盈,TWSE,28.2,295591.0
2026-09-24,2367,燿華,TWSE,41.7,1869210.0
2026-09-24,2368,金像電,TWSE,1105.0,15757587.0
2026-09-24,2369,菱生,TWSE,31.25,3015587.0
2026-09-24,2371,大同,TWSE,28.85,7247738.0
2026-09-24,2373,震旦行,TWSE,52.8,4080.0
2026-09-24,2374,佳能,TWSE,66.3,953374.0
2026-09-24,2375,凱美,TWSE,117.5,1160416.0
2026-09-24,2376,技嘉,TWSE,361.5,3778913.0
2026-09-24,2377,微星,TWSE,151.5,2626362.0
2026-09-24,2379,瑞昱,TWSE,749.0,2829985.0
2026-09-24,2380,虹光,TWSE,16.8,21860.0
2026-09-24,2382,廣達,TWSE,338.5,10593247.0
2026-09-24,2383,台光電,TWSE,5050.0,2346653.0
2026-09-24,2385,群光,TWSE,104.5,1411766.0
2026-09-24,2387,精元,TWSE,36.65,104425.0
2026-09-24,2388,威盛,TWSE,70.1,2490248.0
2026-09-24,2390,云辰,TWSE,10.1,91320.0
2026-09-24,2392,正崴,TWSE,41.85,1407640.0
2026-09-24,2393,億光,TWSE,63.4,1785998.0
2026-09-24,2395,研華,TWSE,722.0,2762561.0
2026-09-24,2397,友通,TWSE,62.2,100308.0
2026-09-24,2399,映泰,TWSE,47.3,1726908.0
2026-09-24,2401,凌陽,TWSE,25.55,1298421.0
2026-09-24,2402,毅嘉,TWSE,54.8,860023.0
2026-09-24,2404,漢唐,TWSE,1285.0,2827024.0
2026-09-24,2405,輔信,TWSE,15.05,637095.0
2026-09-24,2406,國碩,TWSE,30.5,10613029.0
2026-09-24,2408,南亞科,TWSE,503.0,40244712.0
2026-09-24,2409,友達,TWSE,34.2,542503236.0
2026-09-24,2412,中華電,TWSE,145.0,6311915.0
2026-09-24,2413,環科,TWSE,51.3,2307936.0
2026-09-24,2414,精技,TWSE,52.9,50580.0
2026-09-24,2415,錩新,TWSE,27.0,114450.0
2026-09-24,2417,圓剛,TWSE,39.05,260302.0
2026-09-24,2419,仲琦,TWSE,28.65,928764.0
2026-09-24,2420,新巨,TWSE,53.9,99586.0
2026-09-24,2421,建準,TWSE,167.0,1839727.0
2026-09-24,2423,固緯,TWSE,72.3,132973.0
2026-09-24,2424,隴華,TWSE,8.2,22000.0
2026-09-24,2425,承啟,TWSE,36.95,263492.0
2026-09-24,2426,鼎元,TWSE,96.9,28496177.0
2026-09-24,2427,三商電,TWSE,23.4,500406.0
2026-09-24,2428,興勤,TWSE,255.0,496159.0
2026-09-24,2429,銘旺科,TWSE,30.5,116086.0
2026-09-24,2430,燦坤,TWSE,18.25,50025.0
2026-09-24,2431,聯昌,TWSE,10.05,73469.0
2026-09-24,2432,倚天酷碁-創,TWSE,27.25,25100.0
2026-09-24,2433,互盛電,TWSE,40.1,29084.0
2026-09-24,2434,統懋,TWSE,65.2,507659.0
2026-09-24,2436,偉詮電,TWSE,72.4,8606455.0
2026-09-24,2438,翔耀,TWSE,19.5,62725.0
2026-09-24,2439,美律,TWSE,78.2,780903.0
2026-09-24,2440,太空梭,TWSE,14.35,237173.0
2026-09-24,2441,超豐,TWSE,124.0,2830184.0
2026-09-24,2442,新美齊,TWSE,14.3,701204.0
2026-09-24,2444,兆勁,TWSE,14.8,2121301.0
2026-09-24,2449,京元電子,TWSE,311.0,27018575.0
2026-09-24,2450,神腦,TWSE,28.25,38338.0
2026-09-24,2451,創見,TWSE,284.5,1295375.0
2026-09-24,2453,凌群,TWSE,53.5,262272.0
2026-09-24,2454,聯發科,TWSE,5285.0,7817443.0
2026-09-24,2455,全新,TWSE,554.0,1640793.0
2026-09-24,2457,飛宏,TWSE,21.95,708477.0
2026-09-24,2458,義隆,TWSE,137.5,2731471.0
2026-09-24,2459,敦吉,TWSE,65.2,67374.0
2026-09-24,2460,建通,TWSE,30.2,264150.0
2026-09-24,2461,光群雷,TWSE,17.8,291344.0
2026-09-24,2462,良得電,TWSE,20.35,132016.0
2026-09-24,2464,盟立,TWSE,195.5,13517821.0
2026-09-24,2465,麗臺,TWSE,88.9,760389.0
2026-09-24,2466,冠西電,TWSE,119.5,2401504.0
2026-09-24,2467,志聖,TWSE,529.0,631344.0
2026-09-24,2468,華經,TWSE,46.25,1795696.0
2026-09-24,2471,資通,TWSE,51.4,432876.0
2026-09-24,2472,立隆電,TWSE,218.5,2041796.0
2026-09-24,2474,可成,TWSE,206.5,1881545.0
2026-09-24,2476,鉅祥,TWSE,122.5,721500.0
2026-09-24,2477,美隆電,TWSE,23.05,92563.0
2026-09-24,2478,大毅,TWSE,120.0,1175569.0
2026-09-24,2480,敦陽科,TWSE,161.0,89757.0
2026-09-24,2481,強茂,TWSE,174.5,35754052.0
2026-09-24,2482,連宇,TWSE,16.25,49358.0
2026-09-24,2483,百容,TWSE,32.55,341412.0
2026-09-24,2484,希華,TWSE,72.8,13213876.0
2026-09-24,2485,兆赫,TWSE,39.15,1008262.0
2026-09-24,2486,一詮,TWSE,234.0,1585886.0
2026-09-24,2488,漢平,TWSE,48.85,43260.0
2026-09-24,2489,瑞軒,TWSE,40.8,17569723.0
2026-09-24,2491,吉祥全,TWSE,39.55,534954.0
2026-09-24,2492,華新科,TWSE,311.5,15596998.0
2026-09-24,2493,揚博,TWSE,191.0,1360568.0
2026-09-24,2495,普安,TWSE,39.05,821681.0
2026-09-24,2496,卓越,TWSE,55.3,12765.0
2026-09-24,2497,怡利電,TWSE,43.8,92124.0
2026-09-24,2498,宏達電,TWSE,41.8,7183755.0
2026-09-24,2501,國建,TWSE,21.1,1723858.0
2026-09-24,2504,國產,TWSE,30.9,1456108.0
2026-09-24,2505,國揚,TWSE,17.15,489277.0
2026-09-24,2506,太設,TWSE,8.41,125845.0
2026-09-24,2509,全坤建,TWSE,14.35,70476.0
2026-09-24,2511,太子,TWSE,8.39,392569.0
2026-09-24,2514,龍邦,TWSE,11.45,77158.0
2026-09-24,2515,中工,TWSE,11.95,1780532.0
2026-09-24,2516,新建,TWSE,15.45,864916.0
2026-09-24,2520,冠德,TWSE,37.3,937879.0
2026-09-24,2524,京城,TWSE,34.85,29217.0
2026-09-24,2527,宏璟,TWSE,47.95,469702.0
2026-09-24,2528,皇普,TWSE,19.55,127050.0
2026-09-24,2530,華建,TWSE,20.15,244629.0
2026-09-24,2534,宏盛,TWSE,16.7,260385.0
2026-09-24,2535,達欣工,TWSE,89.8,359976.0
2026-09-24,2536,宏普,TWSE,19.2,376183.0
2026-09-24,2537,聯上發,TWSE,11.4,189889.0
2026-09-24,2538,基泰,TWSE,8.71,237556.0
2026-09-24,2539,櫻花建,TWSE,34.45,1158192.0
2026-09-24,2540,愛山林,TWSE,49.0,226455.0
2026-09-24,2542,興富發,TWSE,39.5,12468559.0
2026-09-24,2543,皇昌,TWSE,38.15,357734.0
2026-09-24,2545,皇翔,TWSE,34.2,59553.0
2026-09-24,2546,根基,TWSE,106.5,80044.0
2026-09-24,2547,日勝生,TWSE,9.82,1238412.0
2026-09-24,2548,華固,TWSE,93.2,324548.0
2026-09-24,2596,綠意,TPEx,35.45,112404.0
2026-09-24,2597,潤弘,TWSE,167.5,180208.0
2026-09-24,2603,長榮,TWSE,243.0,4944813.0
2026-09-24,2605,新興,TWSE,36.5,6256782.0
2026-09-24,2606,裕民,TWSE,76.7,2953322.0
2026-09-24,2607,榮運,TWSE,53.7,216362.0
2026-09-24,2608,嘉里大榮,TWSE,28.7,92755.0
2026-09-24,2609,陽明,TWSE,59.6,12099033.0
2026-09-24,2610,華航,TWSE,20.3,25331179.0
2026-09-24,2611,志信,TWSE,14.05,286922.0
2026-09-24,2612,中航,TWSE,62.2,244146.0
2026-09-24,2613,中櫃,TWSE,22.2,130355.0
2026-09-24,2614,東森,TWSE,18.25,320181.0
2026-09-24,2615,萬海,TWSE,115.5,6307120.0
2026-09-24,2616,山隆,TWSE,13.2,84564.0
2026-09-24,2617,台航,TWSE,32.8,575669.0
2026-09-24,2618,長榮航,TWSE,42.0,20371832.0
2026-09-24,2630,亞航,TWSE,46.3,443905.0
2026-09-24,2633,台灣高鐵,TWSE,25.55,3474946.0
2026-09-24,2634,漢翔,TWSE,63.1,3731436.0
2026-09-24,2636,台驊控股,TWSE,71.9,1009165.0
2026-09-24,2637,慧洋-KY,TWSE,100.5,1912163.0
2026-09-24,2640,大車隊,TPEx,157.0,30718.0
2026-09-24,2641,正德,TPEx,17.55,618355.0
2026-09-24,2642,宅配通,TWSE,20.4,15508.0
2026-09-24,2643,捷迅,TPEx,62.7,13134.0
2026-09-24,2645,長榮航太,TWSE,172.0,869516.0
2026-09-24,2646,星宇航空,TWSE,20.2,2334494.0
2026-09-24,2701,萬企,TWSE,10.25,118963.0
2026-09-24,2702,華園,TWSE,12.85,29765.0
2026-09-24,2704,國賓,TWSE,45.05,18064.0
2026-09-24,2705,六福,TWSE,15.15,82592.0
2026-09-24,2706,第一店,TWSE,12.1,32326.0
2026-09-24,2707,晶華,TWSE,176.5,87537.0
2026-09-24,2712,遠雄來,TWSE,13.35,4100.0
2026-09-24,2718,全心投控,TPEx,40.8,12000.0
2026-09-24,2719,燦星旅,TPEx,19.55,3000.0
2026-09-24,2722,夏都,TWSE,21.1,29057.0
2026-09-24,2723,美食-KY,TWSE,78.5,101462.0
2026-09-24,2724,藝舍-KY,TPEx,13.1,2295.0
2026-09-24,2726,雅茗-KY,TPEx,8.08,16000.0
2026-09-24,2727,王品,TWSE,232.0,526585.0
2026-09-24,2729,瓦城,TPEx,157.5,14537.0
2026-09-24,2731,雄獅,TWSE,144.0,159511.0
2026-09-24,2732,六角,TPEx,63.2,26687.0
2026-09-24,2734,易飛網,TPEx,14.5,26510.0
2026-09-24,2736,富野,TPEx,11.25,20122.0
2026-09-24,2739,寒舍,TWSE,36.4,105339.0
2026-09-24,2740,華軒,TPEx,30.7,2334.0
2026-09-24,2743,山富,TPEx,54.3,13519.0
2026-09-24,2745,五福,TPEx,84.6,98389.0
2026-09-24,2748,雲品,TWSE,38.8,61491.0
2026-09-24,2751,王座,TPEx,54.3,2001.0
2026-09-24,2752,豆府,TPEx,178.0,1676.0
2026-09-24,2753,八方雲集,TWSE,180.0,34563.0
2026-09-24,2754,亞洲藏壽司,TPEx,68.3,28381.0
2026-09-24,2755,揚秦,TPEx,98.7,14904.0
2026-09-24,2756,聯發國際,TPEx,63.0,25300.0
2026-09-24,2762,世界健身-KY,TWSE,79.0,64363.0
2026-09-24,2801,彰銀,TWSE,27.75,12370808.0
2026-09-24,2812,台中銀,TWSE,19.0,12860098.0
2026-09-24,2816,旺旺保,TWSE,40.15,324599.0
2026-09-24,2820,華票,TWSE,17.0,3574481.0
2026-09-24,2832,台產,TWSE,57.5,86239.0
2026-09-24,2834,臺企銀,TWSE,17.85,13930042.0
2026-09-24,2836,高雄銀,TWSE,12.15,529445.0
2026-09-24,2838,聯邦銀,TWSE,21.0,1171002.0
2026-09-24,2845,遠東銀,TWSE,13.3,4754137.0
2026-09-24,2849,安泰銀,TWSE,15.65,181693.0
2026-09-24,2850,新產,TWSE,157.5,438941.0
2026-09-24,2851,中再保,TWSE,47.5,1710253.0
2026-09-24,2852,第一保,TWSE,27.95,220545.0
2026-09-24,2855,統一證,TWSE,57.8,5306238.0
2026-09-24,2880,華南金,TWSE,45.75,5910247.0
2026-09-24,2881,富邦金,TWSE,150.0,8417116.0
2026-09-24,2882,國泰金,TWSE,110.5,11811664.0
2026-09-24,2883,凱基金,TWSE,38.95,20805805.0
2026-09-24,2884,玉山金,TWSE,45.6,18254771.0
2026-09-24,2885,元大金,TWSE,69.2,13758876.0
2026-09-24,2886,兆豐金,TWSE,49.6,8333068.0
2026-09-24,2887,台新新光金,TWSE,42.5,22156657.0
2026-09-24,2889,國票金,TWSE,16.55,9529220.0
2026-09-24,2890,永豐金,TWSE,45.15,10439331.0
2026-09-24,2891,中信金,TWSE,68.5,17628463.0
2026-09-24,2892,第一金,TWSE,39.5,11353509.0
2026-09-24,2897,王道銀行,TWSE,11.05,2781975.0
2026-09-24,2901,欣欣,TWSE,23.35,163902.0
2026-09-24,2903,遠百,TWSE,22.1,838175.0
2026-09-24,2904,匯僑,TWSE,12.55,22974.0
2026-09-24,2905,三商,TWSE,18.3,1197315.0
2026-09-24,2906,高林,TWSE,13.5,95287.0
2026-09-24,2908,特力,TWSE,22.15,275895.0
2026-09-24,2910,統領,TWSE,23.55,3003.0
2026-09-24,2911,麗嬰房,TWSE,6.1,38973.0
2026-09-24,2912,統一超,TWSE,212.5,2196330.0
2026-09-24,2913,農林,TWSE,11.05,813993.0
2026-09-24,2915,潤泰全,TWSE,60.0,1536402.0
2026-09-24,2916,滿心,TPEx,40.6,20322.0
2026-09-24,2923,鼎固-KY,TWSE,24.3,143243.0
2026-09-24,2924,宏太-KY,TPEx,19.0,1017.0
2026-09-24,2929,淘帝-KY,TWSE,5.84,86691.0
2026-09-24,2938,床的世界,TPEx,18.9,93393.0
2026-09-24,2939,永邑-KY,TWSE,19.6,17001.0
2026-09-24,2941,米斯特,TPEx,32.3,1000.0
2026-09-24,2945,三商家購,TWSE,39.9,30662.0
2026-09-24,2948,寶陞,TPEx,36.5,3000.0
2026-09-24,2949,欣新網,TPEx,64.0,5000.0
2026-09-24,3002,歐格,TWSE,18.9,251151.0
2026-09-24,3003,健和興,TWSE,60.1,460508.0
2026-09-24,3004,豐達科,TWSE,117.0,111407.0
2026-09-24,3005,神基,TWSE,116.5,758055.0
2026-09-24,3006,晶豪科,TWSE,275.0,6499142.0
2026-09-24,3008,大立光,TWSE,6245.0,1200518.0
2026-09-24,3010,華立,TWSE,126.0,457308.0
2026-09-24,3011,今皓,TWSE,10.0,277954.0
2026-09-24,3013,晟銘電,TWSE,84.5,569586.0
2026-09-24,3014,聯陽,TWSE,140.5,2408672.0
2026-09-24,3015,全漢,TWSE,53.3,219501.0
2026-09-24,3016,嘉晶,TWSE,160.0,49083815.0
2026-09-24,3017,奇鋐,TWSE,3555.0,2261001.0
2026-09-24,3018,隆銘綠能,TWSE,12.0,35307.0
2026-09-24,3019,亞光,TWSE,135.0,6264184.0
2026-09-24,3021,鴻名,TWSE,26.95,1664520.0
2026-09-24,3022,威強電,TWSE,93.1,1540683.0
2026-09-24,3023,信邦,TWSE,311.0,378175.0
2026-09-24,3024,憶聲,TWSE,14.6,876861.0
2026-09-24,3025,星通,TWSE,52.4,92285.0
2026-09-24,3026,禾伸堂,TWSE,810.0,13190269.0
2026-09-24,3027,盛達,TWSE,18.55,155165.0
2026-09-24,3028,增你強,TWSE,62.5,783469.0
2026-09-24,3029,零壹,TWSE,120.0,2034946.0
2026-09-24,3030,德律,TWSE,270.0,456455.0
2026-09-24,3031,佰鴻,TWSE,30.45,7189070.0
2026-09-24,3032,偉訓,TWSE,79.0,716619.0
2026-09-24,3033,威健,TWSE,41.8,1650028.0
2026-09-24,3034,聯詠,TWSE,543.0,3573000.0
2026-09-24,3035,智原,TWSE,206.5,4855474.0
2026-09-24,3036,文曄,TWSE,207.0,6695518.0
2026-09-24,3037,欣興,TWSE,1185.0,16628391.0
2026-09-24,3038,全台,TWSE,20.3,98826.0
2026-09-24,3040,遠見,TWSE,35.1,27703.0
2026-09-24,3041,揚智,TWSE,23.2,390785.0
2026-09-24,3042,晶技,TWSE,203.0,41859153.0
2026-09-24,3043,科風,TWSE,20.6,26344.0
2026-09-24,3044,健鼎,TWSE,538.0,1426110.0
2026-09-24,3045,台灣大,TWSE,122.5,4901190.0
2026-09-24,3046,建碁,TWSE,53.8,73645.0
2026-09-24,3047,訊舟,TWSE,14.55,534436.0
2026-09-24,3048,益登,TWSE,51.9,1556204.0
2026-09-24,3049,精金,TWSE,12.25,2304349.0
2026-09-24,3050,鈺德,TWSE,11.5,409041.0
2026-09-24,3051,力特,TWSE,22.3,267019.0
2026-09-24,3052,夆典,TWSE,10.4,170973.0
2026-09-24,3054,立萬利,TWSE,58.4,81396.0
2026-09-24,3055,蔚華科,TWSE,199.0,9055993.0
2026-09-24,3056,富華新,TWSE,14.05,235342.0
2026-09-24,3057,喬鼎,TWSE,15.8,91406.0
2026-09-24,3058,立德,TWSE,8.22,293692.0
2026-09-24,3059,華晶科,TWSE,37.85,647194.0
2026-09-24,3060,銘異,TWSE,26.55,339363.0
2026-09-24,3062,建漢,TWSE,21.95,1420020.0
2026-09-24,3066,李洲,TPEx,27.4,2127360.0
2026-09-24,3071,協禧,TPEx,23.0,165027.0
2026-09-24,3073,天方能源,TPEx,20.3,7331.0
2026-09-24,3078,僑威,TPEx,45.45,258609.0
2026-09-24,3081,聯亞,TPEx,2700.0,1931597.0
2026-09-24,3083,網龍,TPEx,22.85,44063.0
2026-09-24,3085,新零售,TPEx,11.45,5992.0
2026-09-24,3086,華義*,TPEx,28.3,101891.0
2026-09-24,3088,艾訊,TPEx,129.5,451707.0
2026-09-24,3090,日電貿,TWSE,165.0,1725546.0
2026-09-24,3092,鴻碩,TWSE,22.75,61043.0
2026-09-24,3093,港建*,TPEx,44.8,90302.0
2026-09-24,3094,聯傑,TWSE,54.3,22755440.0
2026-09-24,3095,及成,TPEx,34.0,65353.0
2026-09-24,3105,穩懋,TPEx,502.0,21692103.0
2026-09-24,3114,好德,TPEx,34.25,878955.0
2026-09-24,3115,富榮綱,TPEx,7.98,70014.0
2026-09-24,3118,進階,TPEx,30.85,33824.0
2026-09-24,3122,笙泉,TPEx,24.0,14717.0
2026-09-24,3128,昇銳,TPEx,20.35,36384.0
2026-09-24,3130,一零四,TWSE,208.5,31931.0
2026-09-24,3131,弘塑,TPEx,2410.0,190861.0
2026-09-24,3135,凌航,TWSE,156.5,639398.0
2026-09-24,3138,耀登,TWSE,99.4,1133071.0
2026-09-24,3141,晶宏,TPEx,83.9,2517753.0
2026-09-24,3147,大綜,TPEx,243.0,1269278.0
2026-09-24,3149,正達,TWSE,63.3,2594500.0
2026-09-24,3150,鈺寶-創,TWSE,15.35,10001.0
2026-09-24,3152,璟德,TPEx,231.5,306279.0
2026-09-24,3158,嘉實,TPEx,85.4,14526.0
2026-09-24,3162,精確,TPEx,73.6,657539.0
2026-09-24,3163,波若威,TPEx,653.0,832032.0
2026-09-24,3164,景岳,TWSE,16.3,27239.0
2026-09-24,3167,大量,TWSE,949.0,8378906.0
2026-09-24,3168,眾福科,TWSE,42.15,3090.0
2026-09-24,3169,亞信,TPEx,114.5,1723456.0
2026-09-24,3171,炎洲流通,TPEx,59.0,3130.0
2026-09-24,3176,基亞,TPEx,37.75,604047.0
2026-09-24,3178,公準,TPEx,68.9,645203.0
2026-09-24,3188,鑫龍騰,TPEx,23.5,56065.0
2026-09-24,3189,景碩,TWSE,962.0,44137311.0
2026-09-24,3191,雲嘉南,TPEx,16.75,13145.0
2026-09-24,3205,佰研,TPEx,46.95,9103.0
2026-09-24,3206,志豐,TPEx,34.6,19757.0
2026-09-24,3207,耀勝,TPEx,37.95,17784.0
2026-09-24,3209,全科,TWSE,45.8,451816.0
2026-09-24,3211,順達,TPEx,378.5,1233533.0
2026-09-24,3213,茂訊,TPEx,124.5,100300.0
2026-09-24,3217,優群,TPEx,129.5,69335.0
2026-09-24,3218,大學光,TPEx,134.5,358874.0
2026-09-24,3219,倚強科,TPEx,114.5,2352161.0
2026-09-24,3221,台嘉碩,TPEx,49.1,3202788.0
2026-09-24,3224,三顧,TPEx,31.9,23033.0
2026-09-24,3226,龍鋒,TPEx,58.5,34118.0
2026-09-24,3227,原相,TPEx,183.5,368165.0
2026-09-24,3228,金麗科,TPEx,174.0,206081.0
2026-09-24,3229,晟鈦,TWSE,56.4,1457101.0
2026-09-24,3230,錦明,TPEx,40.2,641044.0
2026-09-24,3231,緯創,TWSE,184.5,31269892.0
2026-09-24,3232,昱捷,TPEx,21.1,12261.0
2026-09-24,3234,光環,TPEx,178.0,4460678.0
2026-09-24,3236,千如,TPEx,43.85,2024389.0
2026-09-24,3252,海灣,TPEx,15.3,2003.0
2026-09-24,3257,虹冠電,TWSE,48.7,71864.0
2026-09-24,3259,鑫創,TPEx,9.95,35526.0
2026-09-24,3260,威剛,TPEx,378.0,4449380.0
2026-09-24,3264,欣銓,TPEx,246.0,18332220.0
2026-09-24,3265,台星科,TPEx,183.0,1086790.0
2026-09-24,3266,昇陽,TWSE,14.0,19001.0
2026-09-24,3268,海德威,TPEx,19.95,50241.0
2026-09-24,3272,東碩,TPEx,13.95,10912.0
2026-09-24,3276,宇環,TPEx,13.8,41281.0
2026-09-24,3284,太普高,TPEx,19.75,111611.0
2026-09-24,3285,微端,TPEx,41.45,26477.0
2026-09-24,3287,廣寰科,TPEx,41.05,476119.0
2026-09-24,3288,點晶,TPEx,21.0,97505.0
2026-09-24,3289,宜特,TPEx,140.0,537432.0
2026-09-24,3290,東浦,TPEx,46.25,244536.0
2026-09-24,3293,鈊象,TPEx,761.0,5755067.0
2026-09-24,3294,英濟,TPEx,33.65,7952483.0
2026-09-24,3296,勝德,TWSE,27.95,43901.0
2026-09-24,3297,杭特,TPEx,34.35,908767.0
2026-09-24,3303,岱稜,TPEx,48.2,93092.0
2026-09-24,3305,昇貿,TWSE,103.0,355654.0
2026-09-24,3306,鼎天,TPEx,45.65,24392.0
2026-09-24,3308,聯德,TWSE,21.55,33359.0
2026-09-24,3310,佳穎,TPEx,68.3,8022.0
2026-09-24,3311,閎暉,TWSE,38.05,855155.0
2026-09-24,3312,弘憶股,TWSE,50.5,802159.0
2026-09-24,3313,斐成,TPEx,10.5,36204.0
2026-09-24,3317,尼克森,TPEx,68.3,16229717.0
2026-09-24,3321,同泰,TWSE,18.2,113660.0
2026-09-24,3322,建舜電,TPEx,11.1,123934.0
2026-09-24,3323,加百裕,TPEx,27.85,102051.0
2026-09-24,3324,雙鴻,TPEx,1710.0,6451510.0
2026-09-24,3325,旭品,TPEx,11.95,42888.0
2026-09-24,3332,幸康,TPEx,61.5,11050.0
2026-09-24,3338,泰碩,TWSE,67.6,150367.0
2026-09-24,3339,泰谷,TPEx,47.2,6005138.0
2026-09-24,3346,麗清,TWSE,23.6,587047.0
2026-09-24,3349,寶德,TPEx,19.9,48261.0
2026-09-24,3354,律勝,TPEx,30.0,2055597.0
2026-09-24,3356,奇偶,TWSE,65.2,354461.0
2026-09-24,3357,臺慶科,TPEx,206.0,812200.0
2026-09-24,3360,尚立,TPEx,15.05,128015.0
2026-09-24,3362,先進光,TPEx,173.0,1002942.0
2026-09-24,3363,上詮,TPEx,652.0,1642600.0
2026-09-24,3372,典範,TPEx,15.8,253727.0
2026-09-24,3373,熱映,TPEx,16.0,20251.0
2026-09-24,3374,精材,TPEx,449.0,14758939.0
2026-09-24,3376,新日興,TWSE,174.0,1686649.0
2026-09-24,3379,彬台,TPEx,27.25,17148.0
2026-09-24,3380,明泰,TWSE,31.6,1565415.0
2026-09-24,3388,崇越電,TPEx,82.0,254234.0
2026-09-24,3390,旭軟,TPEx,21.85,85302.0
2026-09-24,3402,漢科,TPEx,129.5,183694.0
2026-09-24,3406,玉晶光,TWSE,901.0,2920160.0
2026-09-24,3413,京鼎,TWSE,288.0,476069.0
2026-09-24,3416,融程電,TWSE,161.0,88799.0
2026-09-24,3419,譁裕,TWSE,10.75,490127.0
2026-09-24,3430,奇鈦科,TPEx,112.5,1013638.0
2026-09-24,3432,台端,TWSE,14.6,41400.0
2026-09-24,3434,哲固,TPEx,31.6,117062.0
2026-09-24,3437,榮創,TWSE,22.0,2575324.0
2026-09-24,3438,類比科,TPEx,61.1,69101.0
2026-09-24,3441,聯一光,TPEx,181.0,598665.0
2026-09-24,3443,創意,TWSE,8525.0,1471460.0
2026-09-24,3444,利機,TPEx,80.3,74822.0
2026-09-24,3447,展達,TWSE,27.3,104434.0
2026-09-24,3450,聯鈞,TWSE,513.0,5014009.0
2026-09-24,3455,由田,TPEx,258.0,3608316.0
2026-09-24,3465,進泰電子,TPEx,29.65,42000.0
2026-09-24,3466,德晉,TPEx,23.9,128307.0
2026-09-24,3467,台灣精材,TPEx,81.5,635626.0
2026-09-24,3479,安勤,TPEx,136.0,1308051.0
2026-09-24,3481,群創,TWSE,49.55,101964433.0
2026-09-24,3483,力致,TPEx,77.5,207667.0
2026-09-24,3484,崧騰,TPEx,46.25,71252.0
2026-09-24,3485,敘豐,TPEx,200.0,61877.0
2026-09-24,3489,森寶,TPEx,22.65,63040.0
2026-09-24,3490,單井,TPEx,45.05,2512559.0
2026-09-24,3491,昇達科,TPEx,1555.0,895900.0
2026-09-24,3492,長盛,TPEx,19.15,10153.0
2026-09-24,3494,誠研,TWSE,7.11,32294.0
2026-09-24,3498,陽程,TPEx,214.0,3224449.0
2026-09-24,3499,環天科,TPEx,13.7,28313.0
2026-09-24,3501,維熹,TWSE,37.9,143731.0
2026-09-24,3504,揚明光,TWSE,78.5,1077317.0
2026-09-24,3508,位速,TPEx,26.2,624893.0
2026-09-24,3511,矽瑪,TPEx,19.4,95906.0
2026-09-24,3512,皇龍,TPEx,19.25,18217.0
2026-09-24,3515,華擎,TWSE,211.0,147990.0
2026-09-24,3516,亞帝歐,TPEx,25.1,13247.0
2026-09-24,3518,柏騰,TWSE,34.0,7183649.0
2026-09-24,3520,華盈,TPEx,17.2,48100.0
2026-09-24,3521,台鋼建設,TPEx,11.8,10118.0
2026-09-24,3522,御嵿,TPEx,12.65,105870.0
2026-09-24,3523,迎輝,TPEx,14.95,16674.0
2026-09-24,3526,凡甲,TPEx,270.0,81172.0
2026-09-24,3527,聚積,TPEx,51.0,26787.0
2026-09-24,3528,安馳,TWSE,85.0,504831.0
2026-09-24,3529,力旺,TPEx,3230.0,1603757.0
2026-09-24,3530,晶相光,TWSE,58.3,66222.0
2026-09-24,3531,先益,TPEx,21.25,13380.0
2026-09-24,3532,台勝科,TWSE,452.5,4617288.0
2026-09-24,3533,嘉澤,TWSE,1690.0,1078035.0
2026-09-24,3535,晶彩科,TWSE,88.4,1225076.0
2026-09-24,3537,堡達,TPEx,53.2,135772.0
2026-09-24,3540,曜越,TPEx,22.75,70803.0
2026-09-24,3541,西柏,TPEx,24.5,99390.0
2026-09-24,3543,州巧,TWSE,45.7,784913.0
2026-09-24,3545,敦泰,TWSE,51.0,386758.0
2026-09-24,3546,宇峻,TPEx,73.1,85271.0
2026-09-24,3548,兆利,TPEx,77.1,149639.0
2026-09-24,3550,聯穎,TWSE,23.85,785551.0
2026-09-24,3551,世禾,TPEx,182.5,394744.0
2026-09-24,3552,同致,TPEx,45.4,3305578.0
2026-09-24,3555,博士旺,TPEx,166.0,71305.0
2026-09-24,3556,禾瑞亞,TPEx,57.5,74032.0
2026-09-24,3557,嘉威,TWSE,22.85,52371.0
2026-09-24,3558,神準,TPEx,122.0,59939.0
2026-09-24,3563,牧德,TWSE,769.0,1433099.0
2026-09-24,3564,其陽,TPEx,49.45,335512.0
2026-09-24,3567,逸昌,TPEx,25.6,255146.0
2026-09-24,3570,大塚,TPEx,168.0,9448.0
2026-09-24,3576,聯合再生,TWSE,18.25,48864258.0
2026-09-24,3577,泓格,TPEx,114.0,118471.0
2026-09-24,3580,友威科,TPEx,102.0,1017059.0
2026-09-24,3581,博磊,TPEx,104.0,228386.0
2026-09-24,3583,辛耘,TWSE,698.0,299371.0
2026-09-24,3587,閎康,TPEx,238.5,192174.0
2026-09-24,3588,通嘉,TWSE,52.4,174053.0
2026-09-24,3591,艾笛森,TWSE,24.65,1125915.0
2026-09-24,3592,瑞鼎,TWSE,224.5,258281.0
2026-09-24,3593,力銘,TWSE,9.5,19985.0
2026-09-24,3594,磐儀,TPEx,46.7,118334.0
2026-09-24,3596,智易,TWSE,153.5,1094859.0
2026-09-24,3597,映興,TPEx,27.7,79930.0
2026-09-24,3605,宏致,TWSE,183.5,14851996.0
2026-09-24,3607,谷崧,TWSE,13.75,101378.0
2026-09-24,3609,三一東林,TPEx,23.05,42040.0
2026-09-24,3611,鼎翰,TPEx,183.0,10272.0
2026-09-24,3615,安可,TPEx,37.9,853277.0
2026-09-24,3617,碩天,TWSE,242.5,177345.0
2026-09-24,3622,洋華,TWSE,44.2,188618.0
2026-09-24,3623,富晶通,TPEx,28.3,149485.0
2026-09-24,3624,光頡,TPEx,140.0,49612899.0
2026-09-24,3625,西勝,TPEx,11.5,55549.0
2026-09-24,3628,盈正,TPEx,74.3,49396.0
2026-09-24,3630,新鉅科,TPEx,27.0,755172.0
2026-09-24,3631,晟楠,TPEx,40.15,97826.0
2026-09-24,3632,研勤,TPEx,7.2,19436.0
2026-09-24,3645,達邁,TWSE,73.3,6118560.0
2026-09-24,3646,艾恩特,TPEx,24.75,6221.0
2026-09-24,3652,精聯,TWSE,34.1,65160.0
2026-09-24,3653,健策,TWSE,6920.0,2756489.0
2026-09-24,3661,世芯-KY,TWSE,3770.0,1136496.0
2026-09-24,3663,鑫科,TPEx,61.5,339803.0
2026-09-24,3664,安瑞-KY,TPEx,8.86,98098.0
2026-09-24,3665,貿聯-KY,TWSE,2340.0,4524090.0
2026-09-24,3666,光耀,TPEx,25.2,9036.0
2026-09-24,3669,圓展,TWSE,32.25,71270.0
2026-09-24,3672,康聯訊,TPEx,12.6,178451.0
2026-09-24,3673,TPK-KY,TWSE,65.6,2491440.0
2026-09-24,3675,德微,TPEx,335.0,3602789.0
2026-09-24,3679,新至陞,TWSE,109.0,11570.0
2026-09-24,3680,家登,TPEx,542.0,1421473.0
2026-09-24,3684,榮昌,TPEx,53.2,2336.0
2026-09-24,3685,元創精密,TPEx,35.2,263357.0
2026-09-24,3686,達能,TWSE,14.8,81179.0
2026-09-24,3687,歐買尬,TPEx,60.3,48271.0
2026-09-24,3689,湧德,TPEx,110.5,406767.0
2026-09-24,3691,碩禾,TPEx,121.0,5436542.0
2026-09-24,3693,營邦,TPEx,729.0,1968071.0
2026-09-24,3694,海華,TWSE,50.3,246631.0
2026-09-24,3701,大眾控,TWSE,41.25,350805.0
2026-09-24,3702,大聯大,TWSE,117.5,8052382.0
2026-09-24,3703,欣陸,TWSE,19.75,431649.0
2026-09-24,3704,合勤控,TWSE,40.5,1010185.0
2026-09-24,3705,永信,TWSE,56.0,164289.0
2026-09-24,3706,神達,TWSE,78.5,4005111.0
2026-09-24,3707,漢磊,TPEx,72.8,33614938.0
2026-09-24,3708,上緯投控,TWSE,99.7,258069.0
2026-09-24,3709,鑫聯大投控,TPEx,63.1,102141.0
2026-09-24,3710,連展投控,TPEx,7.82,159888.0
2026-09-24,3711,日月光投控,TWSE,699.0,10964118.0
2026-09-24,3712,永崴投控,TWSE,20.7,156631.0
2026-09-24,3713,新晶投控,TPEx,14.0,3003.0
2026-09-24,3714,富采,TWSE,67.6,8698127.0
2026-09-24,3715,定穎投控,TWSE,123.0,3124677.0
2026-09-24,3716,中化控股,TWSE,33.95,95053.0
2026-09-24,3717,聯嘉投控,TWSE,25.35,13381856.0
2026-09-24,3718,中光電投控,TPEx,65.1,1122465.0
2026-09-24,4102,永日,TPEx,18.5,51982.0
2026-09-24,4104,佳醫,TWSE,71.9,71688.0
2026-09-24,4105,東洋,TPEx,78.3,203251.0
2026-09-24,4106,雃博,TWSE,24.2,115987.0
2026-09-24,4107,邦特,TPEx,110.0,33966.0
2026-09-24,4108,懷特,TWSE,11.45,136576.0
2026-09-24,4109,加捷生醫,TPEx,11.05,169390.0
2026-09-24,4111,濟生,TPEx,28.7,4548.0
2026-09-24,4113,聯上,TPEx,15.55,745503.0
2026-09-24,4114,健喬,TPEx,29.4,420590.0
2026-09-24,4116,明基醫,TPEx,39.3,10234.0
2026-09-24,4119,旭富,TWSE,56.7,105787.0
2026-09-24,4120,友華,TPEx,46.0,2080.0
2026-09-24,4121,優盛,TPEx,12.8,12515.0
2026-09-24,4123,晟德,TPEx,30.95,1177578.0
2026-09-24,4126,太醫,TPEx,77.8,12946.0
2026-09-24,4127,天良,TPEx,48.7,518784.0
2026-09-24,4128,中天,TPEx,14.85,681912.0
2026-09-24,4129,聯合,TPEx,82.3,55391.0
2026-09-24,4131,浩泰,TPEx,32.0,23021.0
2026-09-24,4133,亞諾法,TWSE,20.35,54875.0
2026-09-24,4137,麗豐-KY,TWSE,76.2,119730.0
2026-09-24,4138,曜亞,TPEx,56.3,60617.0
2026-09-24,4139,馬光-KY,TPEx,41.55,37017.0
2026-09-24,4142,國光生,TWSE,17.9,727893.0
2026-09-24,4147,中裕,TPEx,62.1,1620344.0
2026-09-24,4148,全宇生技-KY,TWSE,32.4,28883.0
2026-09-24,4153,鈺緯,TPEx,31.6,19845.0
2026-09-24,4154,樂威科-KY,TPEx,11.85,14001.0
2026-09-24,4155,訊映,TWSE,14.85,182427.0
2026-09-24,4157,太景*-KY,TPEx,8.85,393547.0
2026-09-24,4160,訊聯基因,TPEx,39.45,20751.0
2026-09-24,4161,聿新科,TPEx,22.25,11000.0
2026-09-24,4162,智擎,TPEx,55.5,130195.0
2026-09-24,4163,鐿鈦,TPEx,134.0,14425.0
2026-09-24,4164,承業醫,TWSE,26.4,627427.0
2026-09-24,4166,友霖,TPEx,24.0,66000.0
2026-09-24,4167,松瑞藥,TPEx,19.4,604041.0
2026-09-24,4168,醣聯,TPEx,21.95,103176.0
2026-09-24,4169,泰宗,TWSE,148.5,74543.0
2026-09-24,4171,瑞基,TPEx,16.25,11067.0
2026-09-24,4173,久裕,TPEx,17.1,29326.0
2026-09-24,4174,浩鼎,TPEx,32.45,3332269.0
2026-09-24,4175,杏一,TPEx,51.0,4426.0
2026-09-24,4178,永笙-KY,TWSE,16.5,39544.0
2026-09-24,4183,福永生技,TPEx,13.3,14000.0
2026-09-24,4188,安克,TPEx,14.2,464615.0
2026-09-24,4190,佐登-KY,TWSE,25.05,18363.0
2026-09-24,4195,基米-創,TWSE,14.4,278278.0
2026-09-24,4198,欣大健康,TPEx,49.8,8301.0
2026-09-24,4205,中華食,TPEx,68.5,15735.0
2026-09-24,4207,環泰,TPEx,19.55,109147.0
2026-09-24,4303,信立,TPEx,34.05,1207046.0
2026-09-24,4304,勝昱,TPEx,18.0,81751.0
2026-09-24,4305,世坤,TPEx,41.95,14018.0
2026-09-24,4306,炎洲,TWSE,14.5,755148.0
2026-09-24,4401,東隆興,TPEx,13.65,93551.0
2026-09-24,4402,郡都開發,TPEx,14.1,16007.0
2026-09-24,4406,新昕纖,TPEx,10.25,11000.0
2026-09-24,4413,飛寶企業,TPEx,21.15,49207.0
2026-09-24,4414,如興,TWSE,8.21,140132.0
2026-09-24,4416,三圓,TPEx,13.7,1322583.0
2026-09-24,4417,金洲,TPEx,49.8,25065.0
2026-09-24,4419,皇家美食,TPEx,47.0,11624.0
2026-09-24,4420,光明,TPEx,35.8,28150.0
2026-09-24,4426,利勤,TWSE,7.76,29493.0
2026-09-24,4430,耀億,TPEx,17.3,18434.0
2026-09-24,4432,銘旺實,TPEx,15.5,20001.0
2026-09-24,4433,興采,TPEx,18.3,27504.0
2026-09-24,4438,廣越,TWSE,57.0,46189.0
2026-09-24,4439,冠星-KY,TWSE,96.4,16010.0
2026-09-24,4440,宜新實業,TWSE,17.45,20000.0
2026-09-24,4441,振大環球,TWSE,171.0,66722.0
2026-09-24,4442,竣邦-KY,TPEx,54.0,10218.0
2026-09-24,4502,健信,TPEx,15.7,9000.0
2026-09-24,4503,金雨,TPEx,24.1,150949.0
2026-09-24,4506,崇友,TPEx,118.5,71958.0
2026-09-24,4510,高鋒,TPEx,43.1,385220.0
2026-09-24,4513,福裕,TPEx,16.45,105238.0
2026-09-24,4523,永彰,TPEx,23.6,14113.0
2026-09-24,4526,東台,TWSE,31.75,751944.0
2026-09-24,4527,方土霖,TPEx,40.85,7020.0
2026-09-24,4528,江興鍛,TPEx,14.95,14599.0
2026-09-24,4529,淳紳,TPEx,3.3,8031.0
2026-09-24,4530,天意能創,TPEx,24.1,1120.0
2026-09-24,4532,瑞智,TWSE,25.2,767760.0
2026-09-24,4533,協易機,TPEx,25.15,590377.0
2026-09-24,4534,慶騰,TPEx,31.6,485868.0
2026-09-24,4535,至興,TPEx,26.8,12452.0
2026-09-24,4536,拓凱,TWSE,165.0,156387.0
2026-09-24,4538,大詠城,TPEx,17.5,13000.0
2026-09-24,4540,全球傳動,TWSE,60.0,1301410.0
2026-09-24,4541,晟田,TPEx,59.3,362524.0
2026-09-24,4542,科嶠,TPEx,328.0,2606774.0
2026-09-24,4543,萬在,TPEx,28.45,31633.0
2026-09-24,4545,銘鈺,TWSE,33.1,77315.0
2026-09-24,4549,桓達,TPEx,97.1,45894.0
2026-09-24,4550,長佳,TPEx,24.0,2050.0
2026-09-24,4551,智伸科,TWSE,163.5,1013120.0
2026-09-24,4552,力達-KY,TWSE,15.6,67705.0
2026-09-24,4554,橙的,TPEx,28.25,6561.0
2026-09-24,4555,氣立,TWSE,41.65,103719.0
2026-09-24,4556,旭然,TPEx,92.1,1513463.0
2026-09-24,4557,永新-KY,TWSE,49.8,25316.0
2026-09-24,4558,寶緯,TPEx,17.1,23000.0
2026-09-24,4560,強信-KY,TWSE,29.55,462430.0
2026-09-24,4561,健椿,TPEx,42.3,73012.0
2026-09-24,4562,穎漢,TWSE,30.0,65496.0
2026-09-24,4563,百德,TPEx,51.2,290590.0
2026-09-24,4564,元翎,TWSE,16.05,268356.0
2026-09-24,4566,時碩工業,TWSE,74.3,7828463.0
2026-09-24,4568,科際精密,TPEx,39.2,3000.0
2026-09-24,4569,六方科-KY,TWSE,155.0,28158.0
2026-09-24,4571,鈞興-KY,TWSE,152.5,61006.0
2026-09-24,4572,駐龍,TWSE,139.5,16094.0
2026-09-24,4576,大銀微系統,TWSE,225.0,810171.0
2026-09-24,4577,達航科技,TPEx,83.8,131045.0
2026-09-24,4580,捷流閥業,TPEx,80.8,125384.0
2026-09-24,4581,光隆精密-KY,TWSE,47.75,1000.0
2026-09-24,4582,聚恆-創,TWSE,22.45,14400.0
2026-09-24,4583,台灣精銳,TWSE,429.0,20683.0
2026-09-24,4584,君帆,TPEx,37.0,5792.0
2026-09-24,4585,達明,TWSE,293.0,64201.0
2026-09-24,4588,玖鼎電力,TWSE,54.8,24617.0
2026-09-24,4590,富田-創,TWSE,89.7,189967.0
2026-09-24,4702,中美實,TPEx,9.34,56691.0
2026-09-24,4706,大恭,TPEx,34.0,4167.0
2026-09-24,4707,磐亞,TPEx,30.0,3480533.0
2026-09-24,4711,永純,TPEx,16.35,22569.0
2026-09-24,4714,永捷,TPEx,11.9,750967.0
2026-09-24,4716,大立,TPEx,17.05,527575.0
2026-09-24,4720,德淵,TWSE,19.05,180299.0
2026-09-24,4721,美琪瑪,TPEx,77.4,683130.0
2026-09-24,4722,國精化,TWSE,184.0,767926.0
2026-09-24,4726,永昕,TPEx,22.35,124075.0
2026-09-24,4728,雙美,TPEx,395.0,43016.0
2026-09-24,4729,熒茂,TPEx,18.8,34633.0
2026-09-24,4735,豪展,TPEx,35.8,17246.0
2026-09-24,4736,泰博,TWSE,129.5,174852.0
2026-09-24,4737,華廣,TWSE,56.3,70457.0
2026-09-24,4739,康普,TWSE,79.5,409578.0
2026-09-24,4741,泓瀚,TPEx,37.8,37866.0
2026-09-24,4743,合一,TPEx,44.75,627284.0
2026-09-24,4744,皇將,TPEx,28.05,50162.0
2026-09-24,4745,合富-KY,TPEx,11.95,6122.0
2026-09-24,4746,台耀,TWSE,48.05,644992.0
2026-09-24,4747,強生*,TPEx,23.8,37498.0
2026-09-24,4749,新應材,TPEx,728.0,459156.0
2026-09-24,4754,國碳科,TPEx,37.8,13752.0
2026-09-24,4755,三福化,TWSE,115.5,79103.0
2026-09-24,4760,勤凱,TPEx,268.5,295080.0
2026-09-24,4763,材料*-KY,TWSE,46.1,7023719.0
2026-09-24,4764,雙鍵,TWSE,183.0,1145874.0
2026-09-24,4766,南寶,TWSE,343.5,70421.0
2026-09-24,4767,誠泰科技,TPEx,27.8,7131.0
2026-09-24,4768,晶呈科技,TPEx,325.0,628188.0
2026-09-24,4770,上品,TWSE,281.5,4524054.0
2026-09-24,4771,望隼,TWSE,212.0,128002.0
2026-09-24,4772,台特化,TPEx,248.5,376099.0
2026-09-24,4807,日成-KY,TWSE,29.3,78769.0
2026-09-24,4903,聯光通,TPEx,43.0,5380911.0
2026-09-24,4904,遠傳,TWSE,105.5,1985784.0
2026-09-24,4905,台聯電,TPEx,77.6,16103.0
2026-09-24,4906,正文,TWSE,37.65,2374151.0
2026-09-24,4907,富宇,TPEx,45.25,28864.0
2026-09-24,4908,前鼎,TPEx,210.0,2648495.0
2026-09-24,4909,新復興,TPEx,34.35,95962.0
2026-09-24,4911,德英,TPEx,28.85,2649.0
2026-09-24,4912,聯德控股-KY,TWSE,96.8,373546.0
2026-09-24,4915,致伸,TWSE,64.1,1492781.0
2026-09-24,4916,事欣科,TWSE,102.5,2855025.0
2026-09-24,4919,新唐,TWSE,136.0,14436318.0
2026-09-24,4923,力士,TPEx,64.0,3081001.0
2026-09-24,4924,欣厚-KY,TPEx,16.1,539449.0
2026-09-24,4927,泰鼎-KY,TWSE,43.7,3046929.0
2026-09-24,4930,燦星網,TWSE,16.05,10261.0
2026-09-24,4931,新盛力,TPEx,241.5,1313994.0
2026-09-24,4933,友輝,TPEx,53.3,31810.0
2026-09-24,4934,太極,TWSE,14.15,324032.0
2026-09-24,4935,茂林-KY,TWSE,32.95,54271.0
2026-09-24,4938,和碩,TWSE,91.3,7881615.0
2026-09-24,4939,亞電,TPEx,73.7,4215037.0
2026-09-24,4942,嘉彰,TWSE,31.65,26707.0
2026-09-24,4943,康控-KY,TWSE,6.99,8959.0
2026-09-24,4946,辣椒,TPEx,98.0,27434.0
2026-09-24,4949,有成精密,TWSE,74.6,238177.0
2026-09-24,4950,金耘國際,TPEx,15.75,1072.0
2026-09-24,4951,精拓科,TPEx,88.2,701119.0
2026-09-24,4952,凌通,TWSE,48.95,112021.0
2026-09-24,4953,緯致,TPEx,117.5,133147.0
2026-09-24,4956,光鋐,TWSE,44.5,22783493.0
2026-09-24,4958,臻鼎-KY,TWSE,475.5,20619766.0
2026-09-24,4960,誠美材,TWSE,22.45,2974800.0
2026-09-24,4961,天鈺,TWSE,180.5,430723.0
2026-09-24,4966,譜瑞-KY,TPEx,572.0,451910.0
2026-09-24,4967,十銓,TWSE,272.5,1081769.0
2026-09-24,4968,立積,TWSE,92.5,207951.0
2026-09-24,4971,IET-KY,TPEx,552.0,708802.0
2026-09-24,4972,湯石照明,TPEx,16.35,11728.0
2026-09-24,4973,廣穎,TPEx,134.0,495398.0
2026-09-24,4974,亞泰,TPEx,70.5,52629.0
2026-09-24,4976,佳凌,TWSE,35.2,528809.0
2026-09-24,4977,眾達-KY,TWSE,168.5,962856.0
2026-09-24,4979,華星光,TPEx,563.0,8886625.0
2026-09-24,4989,榮科,TWSE,59.4,1972543.0
2026-09-24,4991,環宇-KY,TPEx,463.5,3154143.0
2026-09-24,4994,傳奇,TWSE,82.5,10616.0
2026-09-24,4995,晶達,TPEx,49.8,7445.0
2026-09-24,4999,鑫禾,TWSE,17.95,11203.0
2026-09-24,5007,三星,TWSE,55.6,66094.0
2026-09-24,5009,榮剛,TPEx,32.0,713899.0
2026-09-24,5011,久陽,TPEx,18.3,142127.0
2026-09-24,5013,強新,TPEx,32.05,61857.0
2026-09-24,5014,建錩,TPEx,9.91,50550.0
2026-09-24,5015,華祺,TPEx,21.5,10006.0
2026-09-24,5016,松和,TPEx,24.65,3052.0
2026-09-24,5201,凱衛,TPEx,29.3,24304.0
2026-09-24,5202,力新,TPEx,14.6,1354250.0
2026-09-24,5203,訊連,TWSE,58.3,67344.0
2026-09-24,5205,中茂,TPEx,17.3,6101.0
2026-09-24,5206,坤悅,TPEx,22.85,60874.0
2026-09-24,5209,新鼎,TPEx,166.5,77983.0
2026-09-24,5210,寶碩,TPEx,29.95,151675.0
2026-09-24,5211,蒙恬,TPEx,20.1,7333.0
2026-09-24,5212,凌網,TPEx,48.0,8101.0
2026-09-24,5213,亞昕,TPEx,20.8,137141.0
2026-09-24,5215,科嘉-KY,TWSE,37.95,20000.0
2026-09-24,5220,萬達光電,TPEx,20.0,41031.0
2026-09-24,5222,全訊,TWSE,105.0,113167.0
2026-09-24,5223,安力-KY,TPEx,22.65,6002.0
2026-09-24,5225,東科-KY,TWSE,56.2,116779.0
2026-09-24,5227,立凱-KY,TPEx,30.1,183837.0
2026-09-24,5228,鈺鎧,TPEx,39.75,87645.0
2026-09-24,5230,雷笛克光學,TPEx,23.3,2253641.0
2026-09-24,5234,達興材料,TWSE,293.0,103977.0
2026-09-24,5236,凌陽創新,TWSE,135.5,49832.0
2026-09-24,5243,乙盛-KY,TWSE,89.1,570817.0
2026-09-24,5244,弘凱,TWSE,35.75,69528.0
2026-09-24,5245,智晶,TPEx,21.0,155046.0
2026-09-24,5251,天鉞電,TPEx,30.55,245493.0
2026-09-24,5258,虹堡,TWSE,41.4,213538.0
2026-09-24,5263,智崴,TPEx,90.1,140219.0
2026-09-24,5269,祥碩,TWSE,1480.0,285085.0
2026-09-24,5272,笙科,TPEx,17.2,30262.0
2026-09-24,5274,信驊,TPEx,19835.0,194578.0
2026-09-24,5276,達輝-KY,TPEx,18.45,2000.0
2026-09-24,5278,尚凡*,TPEx,23.5,59408.0
2026-09-24,5283,禾聯碩,TWSE,53.0,55976.0
2026-09-24,5284,jpp-KY,TWSE,295.5,356041.0
2026-09-24,5285,界霖,TWSE,89.9,1236954.0
2026-09-24,5287,數字,TPEx,137.0,33769.0
2026-09-24,5288,豐祥-KY,TWSE,187.5,101067.0
2026-09-24,5289,宜鼎,TPEx,1305.0,978970.0
2026-09-24,5291,邑昇,TPEx,57.3,357193.0
2026-09-24,5292,華懋,TWSE,217.5,29227.0
2026-09-24,5299,杰力,TPEx,101.5,325735.0
2026-09-24,5301,寶得利,TPEx,4.96,88691.0
2026-09-24,5302,太欣,TPEx,9.8,47101.0
2026-09-24,5306,桂盟,TWSE,88.7,24687.0
2026-09-24,5309,系統電,TPEx,53.8,1826140.0
2026-09-24,5310,天剛,TPEx,27.95,299295.0
2026-09-24,5312,寶島科,TPEx,90.5,7288.0
2026-09-24,5314,世紀*,TPEx,26.4,8077415.0
2026-09-24,5315,光聯,TPEx,18.85,66837.0
2026-09-24,5321,美而快,TPEx,69.7,165956.0
2026-09-24,5324,士開,TPEx,12.45,33205.0
2026-09-24,5328,華容,TPEx,52.5,2496890.0
2026-09-24,5340,建榮,TPEx,81.3,762140.0
2026-09-24,5344,立衛,TPEx,13.6,106391.0
2026-09-24,5347,世界,TPEx,170.5,11452074.0
2026-09-24,5348,正能量智能,TPEx,16.25,6030.0
2026-09-24,5351,鈺創,TPEx,108.0,7045887.0
2026-09-24,5353,台林,TPEx,28.15,17287.0
2026-09-24,5355,佳總,TPEx,6.8,48649.0
2026-09-24,5356,協益,TPEx,25.85,41404.0
2026-09-24,5364,力麗店,TPEx,8.33,17003.0
2026-09-24,5381,光譜,TPEx,23.25,244165.0
2026-09-24,5386,青雲,TPEx,285.0,485969.0
2026-09-24,5388,中磊,TWSE,73.4,1360869.0
2026-09-24,5392,能率,TPEx,39.35,489675.0
2026-09-24,5398,慕康生醫,TPEx,13.9,8119.0
2026-09-24,5403,中菲,TPEx,93.0,14207.0
2026-09-24,5410,國眾,TPEx,33.0,103405.0
2026-09-24,5425,台半,TPEx,94.5,10095120.0
2026-09-24,5426,振發,TPEx,27.9,224880.0
2026-09-24,5432,新門,TPEx,167.5,377939.0
2026-09-24,5434,崇越,TWSE,542.0,234099.0
2026-09-24,5438,東友,TPEx,17.1,35923.0
2026-09-24,5439,高技,TPEx,253.0,768174.0
2026-09-24,5443,均豪,TPEx,107.0,900906.0
2026-09-24,5450,南良,TPEx,14.85,54729.0
2026-09-24,5452,佶優,TPEx,27.5,221213.0
2026-09-24,5455,昇益,TPEx,30.55,1001.0
2026-09-24,5457,宣德,TPEx,23.85,419922.0
2026-09-24,5460,同協,TPEx,16.85,48205.0
2026-09-24,5464,霖宏,TPEx,88.9,377266.0
2026-09-24,5465,富驊,TPEx,34.2,2104253.0
2026-09-24,5468,凱鈺,TPEx,24.55,95283.0
2026-09-24,5469,瀚宇博,TWSE,73.0,491986.0
2026-09-24,5471,松翰,TWSE,51.7,758373.0
2026-09-24,5474,聰泰,TPEx,161.0,126408.0
2026-09-24,5475,德宏,TPEx,181.0,2840993.0
2026-09-24,5478,智冠,TPEx,97.0,25812.0
2026-09-24,5481,新華,TPEx,21.9,139586.0
2026-09-24,5483,中美晶,TPEx,188.5,18651980.0
2026-09-24,5484,慧友,TWSE,39.45,83756.0
2026-09-24,5487,通泰,TPEx,28.85,80713.0
2026-09-24,5488,松普,TPEx,11.85,96591.0
2026-09-24,5489,彩富,TPEx,44.0,109205.0
2026-09-24,5490,同亨,TPEx,25.45,143845.0
2026-09-24,5493,三聯,TPEx,92.8,360830.0
2026-09-24,5498,凱崴,TPEx,50.1,652022.0
2026-09-24,5508,永信建,TPEx,53.2,196448.0
2026-09-24,5511,德昌,TPEx,70.1,116436.0
2026-09-24,5512,力麒,TPEx,7.71,169895.0
2026-09-24,5514,三豐,TPEx,14.9,3003.0
2026-09-24,5515,建國,TWSE,52.7,555267.0
2026-09-24,5516,雙喜,TPEx,12.35,1061.0
2026-09-24,5519,隆大,TWSE,25.05,451181.0
2026-09-24,5520,力泰,TPEx,83.2,1258.0
2026-09-24,5521,工信,TWSE,10.5,745188.0
2026-09-24,5522,遠雄,TWSE,60.7,682178.0
2026-09-24,5523,豐謙,TPEx,30.35,3025.0
2026-09-24,5525,順天,TWSE,22.0,132283.0
2026-09-24,5529,鉅陞,TPEx,26.25,62843.0
2026-09-24,5530,龍巖,TPEx,48.85,77644.0
2026-09-24,5531,鄉林,TWSE,6.98,529559.0
2026-09-24,5533,皇鼎,TWSE,13.9,122890.0
2026-09-24,5534,長虹,TWSE,73.9,266414.0
2026-09-24,5536,聖暉*,TPEx,902.0,749962.0
2026-09-24,5538,東明-KY,TWSE,35.3,42132.0
2026-09-24,5543,桓鼎-KY,TPEx,27.0,2062.0
2026-09-24,5546,永固-KY,TWSE,14.4,36090.0
2026-09-24,5547,久舜,TPEx,19.9,19647.0
2026-09-24,5548,安倉,TPEx,20.2,17304.0
2026-09-24,5601,台聯櫃,TPEx,29.0,5167.0
2026-09-24,5603,陸海,TPEx,13.55,37597.0
2026-09-24,5604,中連,TPEx,31.2,10678.0
2026-09-24,5607,遠雄港,TWSE,52.2,426451.0
2026-09-24,5608,四維航,TWSE,17.0,2438650.0
2026-09-24,5609,中菲行,TPEx,78.6,35932.0
2026-09-24,5701,劍湖山,TPEx,4.15,206337.0
2026-09-24,5704,老爺知,TPEx,22.6,7168.0
2026-09-24,5706,鳳凰,TWSE,43.9,67236.0
2026-09-24,5864,致和證,TPEx,36.8,1952590.0
2026-09-24,5871,中租-KY,TWSE,107.0,5050902.0
2026-09-24,5876,上海商銀,TWSE,48.95,3026168.0
2026-09-24,5878,台名,TPEx,38.1,2222.0
2026-09-24,5880,合庫金,TWSE,26.45,14691036.0
2026-09-24,5902,德記,TPEx,34.25,81017.0
2026-09-24,5903,全家,TPEx,187.0,45042.0
2026-09-24,5904,寶雅*,TPEx,69.3,7726911.0
2026-09-24,5905,南仁湖,TPEx,7.26,233888.0
2026-09-24,5907,大洋-KY,TWSE,4.83,122058.0
2026-09-24,6005,群益證,TWSE,32.0,6338990.0
2026-09-24,6015,宏遠證,TPEx,17.6,1972646.0
2026-09-24,6016,康和證,TPEx,23.6,3119672.0
2026-09-24,6020,大展證,TPEx,20.5,11031.0
2026-09-24,6021,美好證,TPEx,41.8,183477.0
2026-09-24,6023,元大期,TPEx,86.4,1182166.0
2026-09-24,6024,群益期,TWSE,60.8,107319.0
2026-09-24,6026,福邦證,TPEx,15.85,649605.0
2026-09-24,6028,公勝保經,TPEx,99.2,29819.0
2026-09-24,6101,寬魚國際,TPEx,37.95,61470.0
2026-09-24,6103,合邦,TPEx,40.9,58086.0
2026-09-24,6104,創惟,TPEx,90.0,326792.0
2026-09-24,6108,競國,TWSE,24.4,1139657.0
2026-09-24,6109,亞元,TPEx,10.45,36016.0
2026-09-24,6111,光聚晶電,TPEx,37.05,179206.0
2026-09-24,6112,邁達特,TWSE,47.7,2136528.0
2026-09-24,6113,亞矽,TPEx,22.2,21216.0
2026-09-24,6114,久威,TPEx,23.3,12005.0
2026-09-24,6115,鎰勝,TWSE,44.05,51556.0
2026-09-24,6116,彩晶,TWSE,14.9,41846990.0
2026-09-24,6117,迎廣,TWSE,61.7,59417.0
2026-09-24,6118,建達,TPEx,16.0,1254156.0
2026-09-24,6120,達運,TWSE,12.75,1718317.0
2026-09-24,6121,新普,TPEx,376.0,168653.0
2026-09-24,6122,擎邦,TPEx,58.2,2734459.0
2026-09-24,6123,上奇,TPEx,42.85,34501.0
2026-09-24,6124,業強,TPEx,27.45,17569.0
2026-09-24,6125,廣運,TPEx,48.6,296372.0
2026-09-24,6126,信音,TPEx,30.7,267024.0
2026-09-24,6127,九豪,TPEx,47.8,1327857.0
2026-09-24,6128,上福,TWSE,19.25,17457.0
2026-09-24,6129,普誠,TPEx,14.75,296866.0
2026-09-24,6130,上亞科技,TPEx,23.4,61005.0
2026-09-24,6133,金橋,TWSE,25.95,2307472.0
2026-09-24,6134,萬旭,TPEx,29.2,86586.0
2026-09-24,6136,富爾特,TWSE,24.9,130061.0
2026-09-24,6138,茂達,TPEx,279.0,249152.0
2026-09-24,6139,亞翔,TWSE,753.0,3399157.0
2026-09-24,6140,訊達,TPEx,21.2,565188.0
2026-09-24,6141,柏承,TWSE,51.8,1742591.0
2026-09-24,6142,友勁,TWSE,9.06,254269.0
2026-09-24,6143,振曜,TPEx,81.5,139091.0
2026-09-24,6144,得利影,TPEx,12.55,5504.0
2026-09-24,6146,耕興,TPEx,181.0,178359.0
2026-09-24,6147,頎邦,TPEx,213.5,15345866.0
2026-09-24,6148,驊宏資,TPEx,39.2,6818895.0
2026-09-24,6150,撼訊,TPEx,60.9,70052.0
2026-09-24,6151,晉倫,TPEx,35.0,78049.0
2026-09-24,6152,百一,TWSE,15.0,480652.0
2026-09-24,6153,嘉聯益,TWSE,17.2,1902952.0
2026-09-24,6154,順發,TPEx,14.2,43395.0
2026-09-24,6155,鈞寶,TWSE,60.2,3762326.0
2026-09-24,6156,松上,TPEx,21.0,199295.0
2026-09-24,6158,禾昌,TPEx,17.35,27025.0
2026-09-24,6160,欣技,TPEx,13.9,63263.0
2026-09-24,6161,捷波,TPEx,49.15,44912.0
2026-09-24,6163,華電網,TPEx,41.4,761606.0
2026-09-24,6164,華興,TWSE,12.25,348731.0
2026-09-24,6165,浪凡,TWSE,48.95,150868.0
2026-09-24,6166,凌華,TWSE,132.0,2054478.0
2026-09-24,6167,久正,TPEx,10.35,231791.0
2026-09-24,6168,宏齊,TWSE,44.0,7626913.0
2026-09-24,6169,昱泉,TPEx,12.1,7133.0
2026-09-24,6170,統振,TPEx,48.4,107892.0
2026-09-24,6171,大城地產,TPEx,26.4,35141.0
2026-09-24,6173,信昌電,TPEx,306.5,11579816.0
2026-09-24,6174,安碁,TPEx,44.95,534056.0
2026-09-24,6175,立敦,TPEx,69.7,329471.0
2026-09-24,6176,瑞儀,TWSE,91.8,1238200.0
2026-09-24,6177,達麗,TWSE,46.2,1039055.0
2026-09-24,6179,亞通,TPEx,36.6,6041462.0
2026-09-24,6180,橘子,TPEx,40.6,134532.0
2026-09-24,6182,合晶,TPEx,120.5,93222713.0
2026-09-24,6183,關貿,TWSE,91.3,18832.0
2026-09-24,6184,大豐電,TWSE,40.3,43261.0
2026-09-24,6185,幃翔,TPEx,12.45,124057.0
2026-09-24,6186,新潤,TPEx,29.0,587305.0
2026-09-24,6187,萬潤,TPEx,1195.0,1100011.0
2026-09-24,6188,廣明,TPEx,62.0,317836.0
2026-09-24,6189,豐藝,TWSE,49.2,253498.0
2026-09-24,6190,萬泰科,TPEx,68.6,1030192.0
2026-09-24,6191,精成科,TWSE,82.3,813601.0
2026-09-24,6192,巨路,TWSE,110.5,52488.0
2026-09-24,6194,育富,TPEx,30.55,60001.0
2026-09-24,6195,詩肯,TPEx,28.1,14263.0
2026-09-24,6196,帆宣,TWSE,565.0,1521343.0
2026-09-24,6197,佳必琪,TWSE,320.0,993774.0
2026-09-24,6198,瑞築,TPEx,19.4,3001.0
2026-09-24,6199,天品,TPEx,124.0,5880560.0
2026-09-24,6201,亞弘電,TWSE,44.7,15252.0
2026-09-24,6202,盛群,TWSE,58.2,879959.0
2026-09-24,6203,海韻電,TPEx,59.6,22678.0
2026-09-24,6204,艾華,TPEx,107.5,548771.0
2026-09-24,6205,詮欣,TWSE,73.6,11480659.0
2026-09-24,6206,飛捷,TWSE,139.0,318098.0
2026-09-24,6207,雷科,TPEx,125.0,12093033.0
2026-09-24,6208,日揚,TPEx,74.3,57834.0
2026-09-24,6209,今國光,TWSE,79.9,5832314.0
2026-09-24,6210,慶生,TPEx,17.8,21155.0
2026-09-24,6212,理銘,TPEx,32.1,1633.0
2026-09-24,6213,聯茂,TWSE,595.0,16800143.0
2026-09-24,6214,精誠,TWSE,190.5,2488285.0
2026-09-24,6215,和椿,TWSE,96.8,367400.0
2026-09-24,6216,居易,TWSE,19.55,33100.0
2026-09-24,6217,中探針,TPEx,170.0,1450750.0
2026-09-24,6218,豪勉,TPEx,63.6,1930091.0
2026-09-24,6219,富旺,TPEx,12.05,22005.0
2026-09-24,6220,岳豐,TPEx,25.25,48515.0
2026-09-24,6221,晉泰,TPEx,32.2,839747.0
2026-09-24,6222,立軒,TPEx,18.4,6001.0
2026-09-24,6223,旺矽,TPEx,5415.0,585343.0
2026-09-24,6224,聚鼎,TWSE,82.2,842435.0
2026-09-24,6225,天瀚,TWSE,50.4,2846605.0
2026-09-24,6226,光鼎,TWSE,44.0,2311220.0
2026-09-24,6227,茂綸,TPEx,135.5,892035.0
2026-09-24,6228,全譜,TPEx,18.7,19992.0
2026-09-24,6229,研通,TPEx,23.7,69104.0
2026-09-24,6230,尼得科超眾,TWSE,113.0,42552.0
2026-09-24,6231,系微,TPEx,235.0,632545.0
2026-09-24,6233,旺玖,TPEx,21.35,78298.0
2026-09-24,6234,高僑,TPEx,37.85,645567.0
2026-09-24,6235,華孚,TWSE,38.7,471977.0
2026-09-24,6236,中湛,TPEx,17.85,1000.0
2026-09-24,6237,驊訊,TPEx,37.0,2457994.0
2026-09-24,6239,力成,TWSE,287.0,5364014.0
2026-09-24,6240,松崗,TPEx,26.2,66263.0
2026-09-24,6241,鑫永洋,TPEx,15.45,87364.0
2026-09-24,6242,立康,TPEx,34.1,5531.0
2026-09-24,6243,迅杰,TWSE,39.5,1765177.0
2026-09-24,6244,茂迪,TPEx,23.55,3851837.0
2026-09-24,6245,立端,TPEx,85.7,491026.0
2026-09-24,6246,臺龍,TPEx,12.8,7570.0
2026-09-24,6248,沛波,TPEx,16.8,35730.0
2026-09-24,6257,矽格,TWSE,243.0,11563776.0
2026-09-24,6259,百徽,TPEx,29.15,49779.0
2026-09-24,6261,久元,TPEx,78.3,391696.0
2026-09-24,6263,普萊德,TPEx,157.0,44641.0
2026-09-24,6264,富裔,TPEx,6.01,41009.0
2026-09-24,6265,方土昶,TPEx,48.45,975536.0
2026-09-24,6266,泰詠,TPEx,24.9,71480.0
2026-09-24,6269,台郡,TWSE,64.8,2254738.0
2026-09-24,6270,倍微,TPEx,29.7,168188.0
2026-09-24,6271,同欣電,TWSE,229.0,1826003.0
2026-09-24,6272,驊陞,TWSE,25.3,187267.0
2026-09-24,6274,台燿,TPEx,1495.0,10538467.0
2026-09-24,6275,元山,TPEx,45.9,76210.0
2026-09-24,6276,安鈦克,TPEx,19.65,28325.0
2026-09-24,6277,宏正,TWSE,77.8,67573.0
2026-09-24,6278,台表科,TWSE,212.0,6718865.0
2026-09-24,6279,胡連,TPEx,112.5,216051.0
2026-09-24,6281,全國電,TWSE,51.0,42484.0
2026-09-24,6282,康舒,TWSE,42.85,2421281.0
2026-09-24,6283,淳安,TWSE,18.85,29017.0
2026-09-24,6284,佳邦,TPEx,74.3,389192.0
2026-09-24,6285,啟碁,TWSE,238.0,5064342.0
2026-09-24,6290,良維,TPEx,274.0,2007400.0
2026-09-24,6291,沛亨,TPEx,484.0,810599.0
2026-09-24,6292,迅德,TPEx,67.0,169940.0
2026-09-24,6294,智基,TPEx,28.5,10660.0
2026-09-24,6405,悅城,TWSE,41.45,538439.0
2026-09-24,6409,旭隼,TWSE,879.0,234051.0
2026-09-24,6411,晶焱,TPEx,78.1,66504.0
2026-09-24,6412,群電,TWSE,74.6,319411.0
2026-09-24,6414,樺漢,TWSE,374.0,590230.0
2026-09-24,6415,矽力*-KY,TWSE,425.5,1518168.0
2026-09-24,6416,瑞祺電通,TWSE,116.5,257186.0
2026-09-24,6417,韋僑,TPEx,102.0,129258.0
2026-09-24,6418,詠昇,TPEx,34.55,21064.0
2026-09-24,6419,京晨科,TPEx,149.0,33277.0
2026-09-24,6423,億而得,TPEx,86.8,30202.0
2026-09-24,6425,易發,TPEx,71.1,604251.0
2026-09-24,6426,統新,TWSE,389.0,4891886.0
2026-09-24,6431,光麗-KY,TWSE,17.15,11004.0
2026-09-24,6432,今展科,TPEx,60.4,318631.0
2026-09-24,6435,大中,TPEx,253.5,320061.0
2026-09-24,6438,迅得,TWSE,157.5,1118497.0
2026-09-24,6441,廣錠,TPEx,24.9,302945.0
2026-09-24,6442,光聖,TWSE,1530.0,895074.0
2026-09-24,6443,元晶,TWSE,28.25,15942276.0
2026-09-24,6446,藥華藥,TWSE,1155.0,1460375.0
2026-09-24,6449,鈺邦,TWSE,209.5,447534.0
2026-09-24,6451,訊芯-KY,TWSE,412.0,992621.0
2026-09-24,6456,GIS-KY,TWSE,81.3,14497011.0
2026-09-24,6461,益得,TPEx,23.8,37820.0
2026-09-24,6462,神盾,TPEx,99.7,213383.0
2026-09-24,6464,台數科,TWSE,77.0,1105.0
2026-09-24,6465,威潤,TPEx,41.65,75791.0
2026-09-24,6469,大樹,TPEx,64.2,276932.0
2026-09-24,6470,宇智,TPEx,43.0,11243.0
2026-09-24,6472,保瑞,TWSE,421.5,508828.0
2026-09-24,6474,華豫寧,TPEx,35.55,24198.0
2026-09-24,6477,安集,TWSE,34.0,852394.0
2026-09-24,6482,弘煜科,TPEx,23.35,51913.0
2026-09-24,6485,點序,TPEx,70.1,486821.0
2026-09-24,6486,互動,TPEx,80.6,35564.0
2026-09-24,6488,環球晶,TPEx,948.0,9680905.0
2026-09-24,6491,晶碩,TWSE,402.0,177464.0
2026-09-24,6492,生華科,TPEx,34.2,124490.0
2026-09-24,6494,九齊,TPEx,51.3,64457.0
2026-09-24,6496,科懋,TPEx,23.5,20905.0
2026-09-24,6498,久禾光,TPEx,66.8,69276.0
2026-09-24,6499,益安,TPEx,73.1,136985.0
2026-09-24,6504,南六,TWSE,37.05,16000.0
2026-09-24,6505,台塑化,TWSE,87.2,10807153.0
2026-09-24,6506,雙邦,TPEx,18.6,130522.0
2026-09-24,6508,惠光,TPEx,27.35,39635.0
2026-09-24,6509,聚和,TPEx,47.55,490743.0
2026-09-24,6510,精測,TPEx,3310.0,1064546.0
2026-09-24,6512,啟發電,TPEx,20.25,8071.0
2026-09-24,6515,穎崴,TWSE,5850.0,445040.0
2026-09-24,6516,勤崴國際,TPEx,57.0,36144.0
2026-09-24,6517,保勝光學,TPEx,63.1,81269.0
2026-09-24,6523,達爾膚,TPEx,89.6,27692.0
2026-09-24,6525,捷敏-KY,TWSE,133.5,449529.0
2026-09-24,6526,達發,TWSE,840.0,4581078.0
2026-09-24,6527,明達醫,TPEx,75.0,24054.0
2026-09-24,6530,創威,TPEx,100.0,1739291.0
2026-09-24,6531,愛普*,TWSE,993.0,3109128.0
2026-09-24,6532,瑞耘,TPEx,98.5,525245.0
2026-09-24,6533,晶心科,TWSE,276.0,6688397.0
2026-09-24,6534,正瀚-創,TWSE,90.5,54140.0
2026-09-24,6535,順藥,TPEx,80.5,233476.0
2026-09-24,6538,倉和,TPEx,398.0,2515075.0
2026-09-24,6541,泰福-KY,TWSE,30.3,501087.0
2026-09-24,6542,隆中,TPEx,41.0,5026.0
2026-09-24,6546,正基,TPEx,58.8,209357.0
2026-09-24,6547,高端疫苗,TPEx,59.8,2524901.0
2026-09-24,6548,長科*,TPEx,71.3,1378263.0
2026-09-24,6552,易華電,TWSE,24.65,44502.0
2026-09-24,6556,勝品,TPEx,61.6,4050.0
2026-09-24,6558,興能高,TWSE,24.5,147224.0
2026-09-24,6560,欣普羅,TPEx,32.65,16947.0
2026-09-24,6561,是方,TPEx,308.0,81689.0
2026-09-24,6568,宏觀,TPEx,143.0,94294.0
2026-09-24,6569,醫揚,TPEx,92.3,23548.0
2026-09-24,6570,維田,TPEx,46.65,30176.0
2026-09-24,6573,虹揚-KY,TWSE,15.9,105089.0
2026-09-24,6574,霈方,TPEx,118.5,18263.0
2026-09-24,6576,逸達,TPEx,80.2,36560.0
2026-09-24,6577,勁豐,TPEx,79.8,12391.0
2026-09-24,6578,達邦蛋白,TPEx,16.65,183201.0
2026-09-24,6579,研揚,TWSE,153.5,170694.0
2026-09-24,6581,鋼聯,TWSE,108.5,6045.0
2026-09-24,6582,申豐,TWSE,31.0,38714.0
2026-09-24,6584,南俊國際,TPEx,544.0,239173.0
2026-09-24,6585,鼎基,TWSE,105.5,49421.0
2026-09-24,6588,東典光電,TPEx,112.0,601642.0
2026-09-24,6589,台康生技,TWSE,51.4,832462.0
2026-09-24,6590,普鴻,TPEx,66.9,18708.0
2026-09-24,6591,動力-KY,TWSE,44.2,140273.0
2026-09-24,6592,和潤企業,TWSE,57.6,459236.0
2026-09-24,6593,台灣銘板,TPEx,32.05,17332.0
2026-09-24,6596,寬宏藝術,TPEx,96.8,31542.0
2026-09-24,6597,立誠,TPEx,68.7,4340.0
2026-09-24,6598,ABC-KY,TWSE,27.3,96158.0
2026-09-24,6603,富強鑫,TPEx,27.3,1086284.0
2026-09-24,6605,帝寶,TWSE,138.5,109831.0
2026-09-24,6606,建德工業,TWSE,25.1,72606.0
2026-09-24,6609,瀧澤科,TPEx,39.8,33156.0
2026-09-24,6612,奈米醫材,TPEx,71.9,38013.0
2026-09-24,6613,朋億*,TPEx,270.5,143362.0
2026-09-24,6614,資拓宏宇,TWSE,35.6,12220.0
2026-09-24,6616,特昇-KY,TPEx,8.17,17213.0
2026-09-24,6617,共信-KY,TPEx,137.0,562780.0
2026-09-24,6620,漢達,TPEx,124.0,2720538.0
2026-09-24,6624,萬年清,TPEx,39.25,1006.0
2026-09-24,6625,必應,TWSE,74.0,30553.0
2026-09-24,6629,泰金-KY,TPEx,103.0,14779.0
2026-09-24,6637,醫影,TPEx,54.4,17564.0
2026-09-24,6640,均華,TPEx,1010.0,331064.0
2026-09-24,6641,基士德-KY,TWSE,16.95,9000.0
2026-09-24,6642,富致,TPEx,78.4,49127.0
2026-09-24,6643,M31,TPEx,515.0,3185266.0
2026-09-24,6645,金萬林-創,TWSE,12.5,12200.0
2026-09-24,6649,台生材,TPEx,37.8,92863.0
2026-09-24,6651,全宇昕,TPEx,149.5,316633.0
2026-09-24,6654,天正國際,TPEx,192.0,21301.0
2026-09-24,6657,華安,TWSE,32.8,81194.0
2026-09-24,6658,聯策,TWSE,179.0,484819.0
2026-09-24,6661,威健生技,TPEx,16.0,5000.0
2026-09-24,6664,群翊,TPEx,358.5,310191.0
2026-09-24,6666,羅麗芬-KY,TWSE,44.85,9818.0
2026-09-24,6667,信紘科,TPEx,261.5,254815.0
2026-09-24,6668,中揚光,TWSE,47.55,2272592.0
2026-09-24,6669,緯穎,TWSE,2115.0,3554942.0
2026-09-24,6670,復盛應用,TWSE,273.0,126922.0
2026-09-24,6671,三能-KY,TWSE,22.85,5030.0
2026-09-24,6672,騰輝電子-KY,TWSE,337.5,15309823.0
2026-09-24,6674,鋐寶科技,TWSE,18.35,199815.0
2026-09-24,6679,鈺太,TPEx,202.5,193122.0
2026-09-24,6680,鑫創電子,TPEx,52.8,4132.0
2026-09-24,6683,雍智科技,TPEx,1520.0,788422.0
2026-09-24,6684,安格,TPEx,48.85,64278.0
2026-09-24,6689,伊雲谷,TWSE,63.9,490273.0
2026-09-24,6690,安碁資訊,TPEx,179.0,110003.0
2026-09-24,6691,洋基工程,TWSE,667.0,736040.0
2026-09-24,6692,進能服,TPEx,22.65,51280.0
2026-09-24,6693,廣閎科,TPEx,209.5,7653478.0
2026-09-24,6695,芯鼎,TWSE,49.9,156551.0
2026-09-24,6697,東捷資訊,TPEx,41.2,13287.0
2026-09-24,6698,旭暉應材,TWSE,31.7,52578.0
2026-09-24,6703,軒郁,TPEx,100.5,10371.0
2026-09-24,6706,惠特,TWSE,143.0,2291537.0
2026-09-24,6708,天擎,TPEx,42.8,347447.0
2026-09-24,6712,長聖,TPEx,159.5,205184.0
2026-09-24,6715,嘉基,TWSE,468.5,560936.0
2026-09-24,6716,應廣,TPEx,115.0,280946.0
2026-09-24,6719,力智,TWSE,184.0,283508.0
2026-09-24,6720,久昌,TPEx,127.0,5773.0
2026-09-24,6721,信實,TPEx,50.1,3145.0
2026-09-24,6722,輝創,TWSE,32.45,9521.0
2026-09-24,6725,矽科宏晟,TPEx,214.0,30455.0
2026-09-24,6727,亞泰金屬,TPEx,505.0,1575548.0
2026-09-24,6728,上洋,TPEx,108.5,13047.0
2026-09-24,6730,常廣,TPEx,32.1,12258.0
2026-09-24,6732,昇佳電子,TPEx,149.0,28809.0
2026-09-24,6733,博晟生醫,TPEx,24.95,46055.0
2026-09-24,6735,美達科技,TPEx,63.8,36035.0
2026-09-24,6739,竹陞科技,TPEx,1110.0,161995.0
2026-09-24,6741,91APP*-KY,TPEx,55.2,162571.0
2026-09-24,6742,澤米,TWSE,54.7,2199168.0
2026-09-24,6743,安普新,TWSE,30.6,535034.0
2026-09-24,6751,智聯服務,TPEx,43.9,8159.0
2026-09-24,6752,叡揚,TPEx,96.4,7579.0
2026-09-24,6753,龍德造船,TWSE,132.5,248283.0
2026-09-24,6754,匯僑設計,TWSE,41.5,7102.0
2026-09-24,6756,威鋒電子,TWSE,97.5,78807.0
2026-09-24,6757,台灣虎航,TWSE,53.4,485683.0
2026-09-24,6761,穩得,TPEx,162.0,96505.0
2026-09-24,6762,達亞,TPEx,159.0,3523.0
2026-09-24,6763,綠界科技*,TPEx,41.4,88323.0
2026-09-24,6767,台微醫,TPEx,24.5,1000.0
2026-09-24,6768,志強-KY,TWSE,62.8,48690.0
2026-09-24,6770,力積電,TWSE,72.0,95567951.0
2026-09-24,6771,平和環保-創,TWSE,42.0,9000.0
2026-09-24,6776,展碁國際,TWSE,52.2,63140.0
2026-09-24,6781,AES-KY,TWSE,1005.0,143940.0
2026-09-24,6782,視陽,TWSE,233.5,156032.0
2026-09-24,6785,昱展新藥,TPEx,98.8,45094.0
2026-09-24,6788,華景電,TPEx,339.0,71186.0
2026-09-24,6789,采鈺,TWSE,465.5,862427.0
2026-09-24,6790,永豐實,TWSE,37.7,51018.0
2026-09-24,6791,虎門科技,TPEx,99.1,5251.0
2026-09-24,6792,詠業,TWSE,58.8,13000.0
2026-09-24,6794,向榮生技,TWSE,72.9,38000.0
2026-09-24,6796,晉弘,TWSE,51.4,22998.0
2026-09-24,6799,來頡,TWSE,86.6,219429.0
2026-09-24,6803,崑鼎,TPEx,266.0,25092.0
2026-09-24,6804,明係,TPEx,18.25,47000.0
2026-09-24,6805,富世達,TWSE,2530.0,1046299.0
2026-09-24,6811,宏碁資訊,TPEx,244.5,286222.0
2026-09-24,6821,聯寶,TPEx,40.6,31527.0
2026-09-24,6823,濾能,TPEx,60.1,43212.0
2026-09-24,6829,千附精密,TPEx,209.5,398437.0
2026-09-24,6830,汎銓,TWSE,540.0,942448.0
2026-09-24,6831,邁科,TWSE,497.5,1166953.0
2026-09-24,6834,天二科技,TWSE,116.0,5943310.0
2026-09-24,6835,圓裕,TWSE,31.3,20180.0
2026-09-24,6838,台新藥,TWSE,25.5,603017.0
2026-09-24,6840,東研信超,TPEx,103.0,262118.0
2026-09-24,6841,長佳智能,TPEx,53.7,137708.0
2026-09-24,6843,進典,TPEx,38.6,6000.0
2026-09-24,6844,諾貝兒,TPEx,57.3,9419.0
2026-09-24,6846,綠茵,TPEx,59.1,1185.0
2026-09-24,6854,錼創科技-KY創,TWSE,91.4,153317.0
2026-09-24,6856,鑫傳,TPEx,42.3,12000.0
2026-09-24,6859,伯特光,TPEx,121.0,35920.0
2026-09-24,6861,睿生光電,TWSE,279.5,4029976.0
2026-09-24,6862,三集瑞-KY,TWSE,139.0,49026.0
2026-09-24,6863,永道-KY,TWSE,97.3,50850.0
2026-09-24,6865,偉康科技,TPEx,28.05,36780.0
2026-09-24,6869,雲豹能源,TWSE,69.5,371509.0
2026-09-24,6870,騰雲,TPEx,336.5,280327.0
2026-09-24,6872,浩宇生醫,TPEx,22.35,204678.0
2026-09-24,6873,泓德能源,TWSE,67.9,226797.0
2026-09-24,6874,倍力,TPEx,69.9,16000.0
2026-09-24,6875,國邑*,TPEx,31.85,125214.0
2026-09-24,6877,鏵友益,TPEx,122.5,22624.0
2026-09-24,6881,潤德,TPEx,214.0,1470.0
2026-09-24,6884,海柏特,TPEx,32.2,5032.0
2026-09-24,6885,全福生技,TWSE,31.15,1319077.0
2026-09-24,6887,寶綠特-KY,TWSE,38.95,10000.0
2026-09-24,6890,來億-KY,TWSE,146.5,140614.0
2026-09-24,6894,衛司特,TPEx,367.0,47144.0
2026-09-24,6895,宏碩系統,TPEx,145.0,33566.0
2026-09-24,6899,創為精密,TPEx,49.4,5100.0
2026-09-24,6901,鑽石投資,TWSE,15.7,1233148.0
2026-09-24,6902,GOGOLOOK,TWSE,176.5,1144665.0
2026-09-24,6903,巨漢,TPEx,309.0,166377.0
2026-09-24,6906,現觀科,TWSE,83.0,47047.0
2026-09-24,6907,雅特力-KY,TPEx,182.0,402744.0
2026-09-24,6908,宏碁遊戲-創,TWSE,30.0,12062.0
2026-09-24,6909,創控,TWSE,41.5,167616.0
2026-09-24,6910,德鴻,TPEx,26.0,20191.0
2026-09-24,6913,鴻呈,TPEx,127.5,96071.0
2026-09-24,6914,阜爾運通,TWSE,120.5,20655.0
2026-09-24,6916,華凌,TWSE,18.3,15210.0
2026-09-24,6918,愛派司,TWSE,74.2,16115.0
2026-09-24,6919,康霈*,TWSE,80.1,3951337.0
2026-09-24,6921,嘉雨思-創,TWSE,63.9,36100.0
2026-09-24,6922,宸曜,TPEx,212.0,269336.0
2026-09-24,6923,中台,TWSE,75.9,62772.0
2026-09-24,6924,榮惠-KY創,TWSE,134.0,19247.0
2026-09-24,6925,意藍,TPEx,68.2,1451122.0
2026-09-24,6928,攸泰科技,TWSE,45.4,31556.0
2026-09-24,6931,青松健康,TWSE,38.75,20182.0
2026-09-24,6933,AMAX-KY,TWSE,385.0,6076267.0
2026-09-24,6934,心誠鎂,TWSE,75.5,60109.0
2026-09-24,6936,永鴻生技,TWSE,31.7,10469.0
2026-09-24,6937,天虹,TWSE,300.5,678835.0
2026-09-24,6944,兆聯實業,TWSE,760.0,469755.0
2026-09-24,6945,圓祥生技,TPEx,138.0,224698.0
2026-09-24,6947,台鎔科技,TWSE,67.2,134696.0
2026-09-24,6949,沛爾生醫*-創,TWSE,50.3,2671825.0
2026-09-24,6951,青新-創,TWSE,69.2,17699.0
2026-09-24,6952,大武山,TWSE,38.5,2000.0
2026-09-24,6953,家碩,TPEx,236.0,4518.0
2026-09-24,6955,邦睿生技-創,TWSE,94.2,1161.0
2026-09-24,6957,裕慶-KY,TWSE,307.0,467387.0
2026-09-24,6958,日盛台駿,TWSE,17.3,20238.0
2026-09-24,6961,旅天下,TPEx,47.1,15161.0
2026-09-24,6962,奕力-KY,TWSE,31.45,686362.0
2026-09-24,6965,中傑-KY,TWSE,67.1,31654.0
2026-09-24,6967,汎瑋材料,TPEx,65.7,70568.0
2026-09-24,6968,萬達寵物,TPEx,41.55,18489.0
2026-09-24,6969,成信實業*-創,TWSE,30.65,281313.0
2026-09-24,6971,惠民實業,TPEx,23.95,9000.0
2026-09-24,6982,大井泵浦,TPEx,43.5,14092.0
2026-09-24,6983,華洋精機,TPEx,348.5,20377.0
2026-09-24,6986,和迅,TPEx,44.3,44074.0
2026-09-24,6988,威力暘-創,TWSE,11.7,49000.0
2026-09-24,6994,富威電力,TWSE,26.8,240031.0
2026-09-24,6996,力領科技,TPEx,171.0,11200.0
2026-09-24,6997,博弘,TPEx,66.8,22132.0
2026-09-24,7402,邑錡,TPEx,99.8,89575.0
2026-09-24,7547,碩網,TPEx,59.4,272247.0
2026-09-24,7556,意德士,TPEx,264.5,27103.0
2026-09-24,7584,樂意,TPEx,27.2,5100.0
2026-09-24,7610,聯友金屬-創,TWSE,1830.0,540902.0
2026-09-24,7631,聚賢研發-創,TWSE,138.5,41366.0
2026-09-24,7642,昶瑞機電,TPEx,70.8,16236.0
2026-09-24,7689,大鵬科CLMX,TWSE,158.5,15131.0
2026-09-24,7703,銳澤,TPEx,203.0,109809.0
2026-09-24,7704,明遠精密,TPEx,62.0,11053.0
2026-09-24,7705,三商餐飲,TWSE,29.9,19771.0
2026-09-24,7708,全家餐飲,TPEx,91.8,6862.0
2026-09-24,7709,榮田,TPEx,87.7,131951.0
2026-09-24,7711,永擎,TWSE,542.0,458792.0
2026-09-24,7712,博盛半導體,TPEx,163.0,310934.0
2026-09-24,7713,威力德生醫,TPEx,73.8,5057.0
2026-09-24,7714,創泓科技,TPEx,166.0,145366.0
2026-09-24,7715,裕山,TPEx,27.5,64025.0
2026-09-24,7716,昱臺國際,TPEx,24.0,2000.0
2026-09-24,7717,萊德光電-KY,TPEx,594.0,586139.0
2026-09-24,7718,友鋮,TPEx,45.8,7000.0
2026-09-24,7721,微程式,TWSE,61.7,34150.0
2026-09-24,7722,LINEPAY,TWSE,260.0,43574.0
2026-09-24,7723,築間,TPEx,18.3,24300.0
2026-09-24,7728,光焱科技,TPEx,595.0,35226.0
2026-09-24,7730,暉盛-創,TWSE,172.0,10341.0
2026-09-24,7732,金興精密,TWSE,33.5,11007.0
2026-09-24,7734,印能科技,TPEx,2750.0,236759.0
2026-09-24,7736,虎山,TWSE,68.7,13002.0
2026-09-24,7738,東聯互動,TPEx,157.0,6567.0
2026-09-24,7740,熙特爾-創,TWSE,109.5,448580.0
2026-09-24,7743,金利食安,TPEx,25.4,74640.0
2026-09-24,7744,崴寶,TPEx,543.0,104478.0
2026-09-24,7747,昕奇雲端,TPEx,112.0,1020.0
2026-09-24,7749,意騰-KY,TWSE,395.5,295771.0
2026-09-24,7750,新代,TWSE,1970.0,132618.0
2026-09-24,7751,竑騰,TPEx,1515.0,177060.0
2026-09-24,7753,星亞,TPEx,35.3,4012.0
2026-09-24,7757,金色三麥,TPEx,91.0,68511.0
2026-09-24,7760,享溫馨,TWSE,33.0,43092.0
2026-09-24,7765,中華資安,TWSE,241.0,99930.0
2026-09-24,7767,仁大資訊,TPEx,46.65,16110.0
2026-09-24,7768,頌勝科技,TWSE,304.5,209303.0
2026-09-24,7769,鴻勁,TWSE,5670.0,1333263.0
2026-09-24,7770,君曜,TPEx,39.5,1011.0
2026-09-24,7772,耀穎,TPEx,180.0,218953.0
2026-09-24,7777,能率亞洲,TPEx,35.55,572924.0
2026-09-24,7780,大研生醫*,TWSE,16.05,493328.0
2026-09-24,7786,東方風能,TWSE,118.0,73689.0
2026-09-24,7788,松川精密,TWSE,289.5,470469.0
2026-09-24,7791,皇家可口,TWSE,55.8,10698.0
2026-09-24,7792,安葆,TPEx,435.5,2826938.0
2026-09-24,7794,宏碁智新,TPEx,30.0,18164.0
2026-09-24,7795,長廣,TWSE,490.5,502168.0
2026-09-24,7799,禾榮科,TWSE,498.0,1987002.0
2026-09-24,7803,雲象科技-創,TWSE,18.0,27099.0
2026-09-24,7805,威聯通,TPEx,498.0,22546.0
2026-09-24,7810,捷創科技,TPEx,222.5,208237.0
2026-09-24,7811,民盛,TPEx,73.5,11014.0
2026-09-24,7812,稜研科技*-創,TWSE,69.8,126071.0
2026-09-24,7814,海昌生技,TPEx,28.5,27035.0
2026-09-24,7818,溢泰實業,TWSE,59.9,26743.0
2026-09-24,7819,精誠金融,TPEx,34.35,2003.0
2026-09-24,7820,立盈,TPEx,108.0,19386.0
2026-09-24,7821,神數,TWSE,36.75,63919.0
2026-09-24,7822,倍利科,TWSE,920.0,292136.0
2026-09-24,7823,奧義賽博-KY創,TWSE,81.0,37865.0
2026-09-24,7825,和亞智慧,TPEx,82.2,578878.0
2026-09-24,7827,漢康-KY創,TWSE,162.5,370700.0
2026-09-24,7828,創新服務,TPEx,1970.0,150036.0
2026-09-24,7835,永悅健康-創,TWSE,20.0,33080.0
2026-09-24,7839,達人網,TPEx,43.15,15312.0
2026-09-24,7842,天能綠電,TPEx,98.0,2148.0
2026-09-24,7855,和運租車,TWSE,41.85,688907.0
2026-09-24,7856,漢測,TPEx,4605.0,275196.0
2026-09-24,8011,台通,TWSE,15.9,135271.0
2026-09-24,8016,矽創,TWSE,283.5,323090.0
2026-09-24,8021,尖點,TWSE,480.0,949881.0
2026-09-24,8024,佑華,TPEx,12.6,43221.0
2026-09-24,8027,鈦昇,TPEx,184.0,3422000.0
2026-09-24,8028,昇陽半導體,TWSE,269.0,10321779.0
2026-09-24,8032,光菱,TPEx,36.0,15398.0
2026-09-24,8033,雷虎,TWSE,168.5,1182926.0
2026-09-24,8034,榮群,TPEx,20.45,119033.0
2026-09-24,8038,長園科,TPEx,32.6,97545.0
2026-09-24,8039,台虹,TWSE,258.5,7006740.0
2026-09-24,8040,九暘,TPEx,94.5,10571349.0
2026-09-24,8042,金山電,TPEx,114.0,3606662.0
2026-09-24,8043,蜜望實,TPEx,133.0,1174285.0
2026-09-24,8044,網家,TPEx,23.85,128983.0
2026-09-24,8045,達運光電,TWSE,53.3,80890.0
2026-09-24,8046,南電,TWSE,1240.0,13910571.0
2026-09-24,8047,星雲,TPEx,49.2,97579.0
2026-09-24,8048,德勝,TPEx,50.1,54914.0
2026-09-24,8049,晶采,TPEx,24.5,31072.0
2026-09-24,8050,廣積,TPEx,61.2,2317963.0
2026-09-24,8054,安國,TPEx,84.6,364485.0
2026-09-24,8059,凱碩,TPEx,17.7,182574.0
2026-09-24,8064,東捷,TPEx,139.0,14201999.0
2026-09-24,8066,來思達,TPEx,14.8,18883.0
2026-09-24,8067,志旭,TPEx,11.8,10012.0
2026-09-24,8068,全達,TPEx,17.85,456043.0
2026-09-24,8069,元太,TPEx,146.0,5439774.0
2026-09-24,8070,長華*,TWSE,49.7,1577793.0
2026-09-24,8071,能率網通,TPEx,21.9,182023.0
2026-09-24,8072,陞泰,TWSE,28.35,740235.0
2026-09-24,8074,鉅橡,TPEx,51.0,199593.0
2026-09-24,8076,伍豐,TPEx,21.7,504925.0
2026-09-24,8077,洛碁,TPEx,43.4,2041.0
2026-09-24,8080,泰霖,TPEx,28.05,8101.0
2026-09-24,8081,致新,TWSE,254.0,224628.0
2026-09-24,8083,瑞穎,TPEx,155.5,25117.0
2026-09-24,8084,巨虹,TPEx,33.1,992818.0
2026-09-24,8085,福華,TPEx,14.2,122653.0
2026-09-24,8086,宏捷科,TPEx,110.5,1480309.0
2026-09-24,8087,麗升能源,TPEx,23.25,63360.0
2026-09-24,8088,品安,TPEx,41.85,226378.0
2026-09-24,8089,康全電訊,TPEx,19.25,94902.0
2026-09-24,8091,翔名,TPEx,216.5,146820.0
2026-09-24,8092,建暐,TPEx,12.9,34007.0
2026-09-24,8093,保銳,TPEx,23.25,56073.0
2026-09-24,8096,擎亞,TPEx,84.6,2687683.0
2026-09-24,8097,常珵,TPEx,48.15,51212.0
2026-09-24,8099,大世科,TPEx,60.5,22597.0
2026-09-24,8101,華冠,TWSE,10.95,6931.0
2026-09-24,8102,傑霖科技,TPEx,59.5,10047.0
2026-09-24,8103,瀚荃,TWSE,123.0,2944400.0
2026-09-24,8104,錸寶,TWSE,31.05,189594.0
2026-09-24,8105,凌巨,TWSE,14.85,1003115.0
2026-09-24,8107,大億金茂,TPEx,12.15,38586.0
2026-09-24,8109,博大,TPEx,132.0,296345.0
2026-09-24,8110,華東,TWSE,49.0,6592866.0
2026-09-24,8111,立碁,TPEx,76.4,6506844.0
2026-09-24,8112,至上,TWSE,83.5,2893819.0
2026-09-24,8114,振樺電,TWSE,177.5,228963.0
2026-09-24,8121,越峰,TPEx,30.65,1279798.0
2026-09-24,8131,福懋科,TWSE,61.4,792721.0
2026-09-24,8147,正淩,TPEx,136.5,80939.0
2026-09-24,8150,南茂,TWSE,112.0,83883329.0
2026-09-24,8155,博智,TPEx,336.0,994614.0
2026-09-24,8162,微矽電子-創,TWSE,65.1,1079258.0
2026-09-24,8163,達方,TWSE,30.05,579483.0
2026-09-24,8171,天宇,TPEx,20.45,94300.0
2026-09-24,8176,智捷,TPEx,9.78,7910.0
2026-09-24,8182,加高,TPEx,40.45,887139.0
2026-09-24,8201,無敵,TWSE,13.3,421852.0
2026-09-24,8210,勤誠,TWSE,897.0,554178.0
2026-09-24,8213,志超,TWSE,33.1,179430.0
2026-09-24,8215,明基材,TWSE,27.9,1084525.0
2026-09-24,8222,寶一,TWSE,35.15,95393.0
2026-09-24,8227,巨有科技,TPEx,306.5,984049.0
2026-09-24,8234,新漢,TPEx,61.2,188008.0
2026-09-24,8240,華宏,TPEx,52.0,1171675.0
2026-09-24,8249,菱光,TWSE,39.35,66852.0
2026-09-24,8255,朋程,TPEx,142.5,347669.0
2026-09-24,8261,富鼎,TWSE,176.0,2571057.0
2026-09-24,8271,宇瞻,TWSE,200.0,977099.0
2026-09-24,8272,全景軟體,TPEx,63.5,10251.0
2026-09-24,8277,商丞,TPEx,15.75,52051.0
2026-09-24,8279,生展,TPEx,78.2,14140.0
2026-09-24,8284,三竹,TPEx,68.0,7461.0
2026-09-24,8289,泰藝,TPEx,44.75,519074.0
2026-09-24,8291,尚茂,TPEx,29.75,1001.0
2026-09-24,8299,群聯,TPEx,2125.0,4315903.0
2026-09-24,8341,日友,TWSE,74.5,104313.0
2026-09-24,8342,益張,TPEx,83.8,1436.0
2026-09-24,8349,恒耀,TPEx,39.6,230894.0
2026-09-24,8354,冠好,TPEx,17.1,20833.0
2026-09-24,8358,金居,TPEx,511.0,3226515.0
2026-09-24,8367,建新國際,TWSE,40.6,9000.0
2026-09-24,8374,羅昇,TWSE,75.3,147506.0
2026-09-24,8383,千附,TPEx,67.9,1070441.0
2026-09-24,8390,金益鼎,TPEx,90.0,294281.0
2026-09-24,8401,白紗科,TPEx,22.75,21093.0
2026-09-24,8403,盛弘,TPEx,18.95,40030.0
2026-09-24,8404,百和興業-KY,TWSE,13.55,215582.0
2026-09-24,8409,商之器,TPEx,18.1,4058.0
2026-09-24,8410,森田,TPEx,27.8,166370.0
2026-09-24,8411,福貞-KY,TWSE,12.1,238519.0
2026-09-24,8415,大國鋼,TPEx,35.45,196652.0
2026-09-24,8416,實威,TPEx,169.0,9947.0
2026-09-24,8421,旭源,TPEx,12.8,38592.0
2026-09-24,8422,可寧衛*,TWSE,25.55,3243126.0
2026-09-24,8423,保綠-KY,TPEx,18.05,10022.0
2026-09-24,8424,惠普,TPEx,70.8,100200.0
2026-09-24,8426,紅木-KY,TPEx,20.6,19004.0
2026-09-24,8429,金麗-KY,TWSE,5.89,91426.0
2026-09-24,8431,匯鑽科,TPEx,63.3,655497.0
2026-09-24,8432,東生華,TPEx,50.2,36006.0
2026-09-24,8433,弘帆,TPEx,52.7,28081.0
2026-09-24,8435,鉅邁,TPEx,52.9,23912.0
2026-09-24,8436,大江,TPEx,105.0,382454.0
2026-09-24,8437,大地-KY,TPEx,10.65,295305.0
2026-09-24,8438,昶昕,TWSE,76.6,998074.0
2026-09-24,8440,綠電,TPEx,20.25,35484.0
2026-09-24,8442,威宏-KY,TWSE,44.45,73000.0
2026-09-24,8443,阿瘦,TWSE,11.2,8298.0
2026-09-24,8444,綠河-KY,TPEx,4.4,15195.0
2026-09-24,8446,華研,TPEx,84.7,3131.0
2026-09-24,8450,霹靂,TPEx,14.35,30737.0
2026-09-24,8454,富邦媒,TWSE,239.0,246679.0
2026-09-24,8455,大拓-KY,TPEx,22.1,7112.0
2026-09-24,8462,柏文,TWSE,158.0,55682.0
2026-09-24,8463,潤泰材,TWSE,21.2,25500.0
2026-09-24,8464,億豐,TWSE,372.5,172907.0
2026-09-24,8466,美吉吉-KY,TWSE,15.6,43346.0
2026-09-24,8467,波力-KY,TWSE,89.0,3123.0
2026-09-24,8472,納維康,TPEx,77.0,2010.0
2026-09-24,8473,山林水,TWSE,39.4,270278.0
2026-09-24,8476,台境*,TWSE,19.5,304998.0
2026-09-24,8477,創業家,TPEx,14.35,6005.0
2026-09-24,8478,東哥遊艇,TWSE,139.5,67019.0
2026-09-24,8481,政伸,TWSE,40.95,4094.0
2026-09-24,8482,商億-KY,TWSE,47.05,2050.0
2026-09-24,8487,愛爾達-創,TWSE,71.1,4769.0
2026-09-24,8488,吉源-KY,TWSE,9.85,371009.0
2026-09-24,8489,三貝德,TPEx,22.55,34507.0
2026-09-24,8499,鼎炫-KY,TWSE,254.5,10354.0
2026-09-24,8905,裕國,TPEx,34.8,2430.0
2026-09-24,8906,花王,TPEx,29.0,15604.0
2026-09-24,8908,欣雄,TPEx,40.05,38048.0
2026-09-24,8916,光隆,TPEx,40.85,62063.0
2026-09-24,8917,欣泰,TPEx,55.0,14065.0
2026-09-24,8924,大田,TPEx,49.3,60937.0
2026-09-24,8926,台汽電,TWSE,58.8,1170114.0
2026-09-24,8927,北基,TPEx,19.0,85287.0
2026-09-24,8928,鉅明,TPEx,23.3,14044.0
2026-09-24,8929,富堡,TPEx,12.95,7438.0
2026-09-24,8930,青鋼,TPEx,28.8,62525.0
2026-09-24,8931,大汽電,TPEx,43.05,280404.0
2026-09-24,8932,智通*,TPEx,92.6,647556.0
2026-09-24,8933,愛地雅,TPEx,4.57,91454.0
2026-09-24,8935,邦泰,TPEx,17.55,378461.0
2026-09-24,8936,國統,TPEx,52.1,561132.0
2026-09-24,8937,合騏*,TPEx,26.6,344786.0
2026-09-24,8938,明安,TPEx,52.1,25171.0
2026-09-24,8940,新天地,TWSE,15.0,15223.0
2026-09-24,8941,關中,TPEx,44.0,4070.0
2026-09-24,8942,森鉅,TPEx,40.5,110209.0
2026-09-24,8996,高力,TWSE,1530.0,2887200.0
2026-09-24,9103,美德醫療-DR,TWSE,4.97,265091.0
2026-09-24,9105,泰金寶-DR,TWSE,8.43,9537724.0
2026-09-24,9110,越南控-DR,TWSE,2.82,22000.0
2026-09-24,9136,巨騰-DR,TWSE,9.19,172100.0
2026-09-24,9802,鈺齊-KY,TWSE,63.7,524913.0
2026-09-24,9902,台火,TWSE,13.2,67252.0
2026-09-24,9904,寶成,TWSE,24.95,8323733.0
2026-09-24,9905,大華,TWSE,21.2,52579.0
2026-09-24,9906,欣巴巴,TWSE,39.6,30191.0
2026-09-24,9907,統一實,TWSE,14.85,448732.0
2026-09-24,9908,大台北,TWSE,28.95,69417.0
2026-09-24,9910,豐泰,TWSE,69.4,643314.0
2026-09-24,9911,櫻花,TWSE,81.4,152929.0
2026-09-24,9912,偉聯,TWSE,12.9,7731.0
2026-09-24,9914,美利達,TWSE,66.7,1734779.0
2026-09-24,9917,中保科,TWSE,106.0,96786.0
2026-09-24,9918,欣天然,TWSE,42.7,9760.0
2026-09-24,9919,康那香,TWSE,13.85,437689.0
2026-09-24,9921,巨大,TWSE,90.6,646617.0
2026-09-24,9924,福興,TWSE,37.8,39591.0
2026-09-24,9925,新保,TWSE,39.65,207382.0
2026-09-24,9926,新海,TWSE,48.9,5536.0
2026-09-24,9927,泰銘,TWSE,70.2,207769.0
2026-09-24,9928,中視,TWSE,17.55,40105.0
2026-09-24,9929,秋雨,TWSE,10.9,11145.0
2026-09-24,9930,中聯資源,TWSE,60.4,125755.0
2026-09-24,9931,欣高,TWSE,33.8,12246.0
2026-09-24,9933,中鼎,TWSE,41.0,1284584.0
2026-09-24,9934,成霖,TWSE,9.84,176300.0
2026-09-24,9935,慶豐富,TWSE,18.25,62149.0
2026-09-24,9937,全國,TWSE,54.2,12004.0
2026-09-24,9938,百和,TWSE,38.05,694238.0
2026-09-24,9939,宏全,TWSE,124.5,312764.0
2026-09-24,9940,信義,TWSE,20.05,560778.0
2026-09-24,9941,裕融,TWSE,79.2,836717.0
2026-09-24,9942,茂順,TWSE,114.0,43351.0
2026-09-24,9943,好樂迪,TWSE,50.5,36502.0
2026-09-24,9944,新麗,TWSE,17.25,18641.0
2026-09-24,9945,潤泰新,TWSE,29.9,13127733.0
2026-09-24,9946,三發地產,TWSE,17.1,233111.0
2026-09-24,9949,琉園,TPEx,24.0,30260.0
2026-09-24,9950,萬國通,TPEx,10.3,17500.0
2026-09-24,9951,皇田,TPEx,47.65,70046.0
2026-09-24,9955,佳龍,TWSE,23.0,138353.0
2026-09-24,9958,世紀鋼,TWSE,92.2,930936.0
2026-09-24,9960,邁達康,TPEx,39.35,192237.0
2026-09-24,9962,有益,TPEx,10.1,76428.0
